ID_Encuesta,ID_Edad,ID_Genero,ID_Departamento,ID_Municipio,ID_Ocupacion,ID_Seleccion,ID_Jugador,ID_Promocion,ID_Frecuencia,ID_LugarCompra,ID_CompaniaPartidos,ID_Snack,ID_Sabor,ID_Presentacion,ID_Tiempo,PrecioAdecuado
1,1,1,1,1.0,1.0,1,1,1,1,1.0,1,1,1.0,1,1,Q10 - Q15
2,2,2,1,1.0,2.0,1,2,2,2,2.0,2,2,2.0,1,2,Q21 - Q30
3,3,2,2,2.0,3.0,2,3,3,1,3.0,3,3,3.0,1,3,Q16 - Q20
4,4,1,1,3.0,4.0,3,4,4,3,4.0,2,4,4.0,1,4,Q16 - Q20
5,4,1,1,3.0,3.0,2,5,5,1,5.0,1,5,5.0,2,5,Q16 - Q20
6,2,2,3,4.0,5.0,4,5,5,2,5.0,2,6,6.0,2,6,Q21 - Q30
7,3,2,4,5.0,4.0,5,6,4,3,1.0,2,7,1.0,3,7,Q16 - Q20
8,4,3,1,6.0,2.0,6,7,5,3,5.0,1,8,7.0,2,8,Más de Q30
9,4,1,5,7.0,6.0,7,8,6,4,3.0,3,9,1.0,1,9,Q10 - Q15
10,5,1,1,8.0,7.0,1,9,5,1,5.0,3,10,8.0,2,10,Más de Q30
11,2,2,6,9.0,6.0,4,10,4,4,6.0,3,11,5.0,3,11,Q16 - Q20
12,5,2,3,10.0,4.0,8,4,3,3,5.0,4,12,4.0,4,12,Q16 - Q20
13,4,2,7,11.0,2.0,8,11,4,3,2.0,3,13,5.0,4,13,Más de Q30
14,4,1,8,12.0,1.0,8,12,4,3,6.0,1,14,5.0,3,14,Q16 - Q20
15,2,1,9,12.0,3.0,3,13,2,2,5.0,4,15,6.0,3,15,Q10 - Q15
16,5,1,4,13.0,3.0,7,14,5,2,5.0,1,16,8.0,4,16,Q16 - Q20
17,2,1,1,8.0,4.0,9,15,4,4,2.0,3,17,4.0,2,17,Q16 - Q20
18,3,2,1,1.0,8.0,7,16,1,2,3.0,1,18,8.0,3,18,Q21 - Q30
19,2,1,10,12.0,5.0,10,17,2,2,2.0,3,19,3.0,2,19,Más de Q30
20,2,1,1,3.0,2.0,4,18,1,1,4.0,1,20,5.0,1,20,Q16 - Q20
21,4,2,11,14.0,8.0,7,19,7,2,2.0,1,21,8.0,4,21,Q16 - Q20
22,4,2,12,12.0,4.0,11,20,5,4,5.0,3,22,8.0,1,22,Q21 - Q30
23,4,2,1,8.0,2.0,4,21,3,4,5.0,5,12,2.0,1,8,Q16 - Q20
24,2,1,1,3.0,7.0,7,22,1,4,6.0,1,23,5.0,1,19,Q21 - Q30
25,6,1,1,1.0,2.0,1,6,3,3,5.0,2,24,4.0,1,22,Q16 - Q20
26,2,1,13,15.0,4.0,2,23,4,2,2.0,3,16,3.0,2,23,Q21 - Q30
27,4,1,5,16.0,1.0,7,5,3,4,2.0,3,7,7.0,1,24,Q21 - Q30
28,4,1,5,7.0,7.0,9,24,2,2,1.0,1,25,9.0,3,25,Q10 - Q15
29,4,2,1,3.0,3.0,2,25,2,3,5.0,1,11,8.0,1,26,Q16 - Q20
30,4,2,1,3.0,2.0,7,26,3,4,4.0,1,24,1.0,1,27,Q16 - Q20
31,4,1,4,5.0,6.0,12,27,2,4,5.0,1,4,3.0,4,21,Q16 - Q20
32,2,2,14,17.0,3.0,13,28,4,2,5.0,3,26,4.0,2,28,Q21 - Q30
33,2,1,14,18.0,6.0,14,29,4,4,6.0,1,27,6.0,2,29,Q16 - Q20
34,4,1,5,16.0,2.0,15,6,2,1,2.0,3,6,8.0,1,30,Q16 - Q20
35,5,2,1,8.0,4.0,7,30,1,4,2.0,3,28,3.0,1,31,Q16 - Q20
36,4,2,15,19.0,4.0,8,31,7,4,5.0,3,29,6.0,2,32,Q10 - Q15
37,2,1,8,12.0,6.0,1,32,1,3,2.0,2,30,,1,33,Q21 - Q30
38,4,1,1,3.0,6.0,2,33,3,5,1.0,5,31,6.0,1,34,Q16 - Q20
39,5,2,7,19.0,3.0,8,25,7,4,4.0,4,32,4.0,3,35,Q10 - Q15
40,6,1,8,19.0,2.0,8,18,4,3,,3,33,4.0,3,12,Más de Q30
41,2,1,3,4.0,,5,34,3,3,2.0,5,34,4.0,2,36,Q10 - Q15
42,2,1,14,17.0,9.0,8,35,5,2,1.0,1,35,5.0,1,37,Q21 - Q30
43,2,1,1,6.0,9.0,4,23,3,4,5.0,1,25,9.0,3,25,Más de Q30
44,6,2,1,6.0,9.0,5,36,4,2,2.0,1,25,2.0,1,38,Q16 - Q20
45,4,1,1,20.0,3.0,7,4,5,1,2.0,3,36,5.0,1,23,Q10 - Q15
46,6,2,3,4.0,3.0,1,37,7,3,5.0,2,37,3.0,2,28,Más de Q30
47,3,2,1,8.0,5.0,8,38,4,2,5.0,4,38,4.0,3,39,Q10 - Q15
48,3,2,5,7.0,3.0,16,6,3,4,4.0,1,6,5.0,3,40,Más de Q30
49,6,1,16,21.0,4.0,8,39,1,4,5.0,3,6,5.0,1,41,Más de Q30
50,5,3,14,18.0,4.0,5,11,3,4,4.0,1,39,1.0,1,28,Q10 - Q15
51,2,1,5,7.0,2.0,4,40,4,2,1.0,5,40,3.0,2,36,Q16 - Q20
52,3,2,17,12.0,4.0,1,41,3,5,6.0,3,12,9.0,4,42,Q21 - Q30
53,4,2,17,12.0,4.0,8,42,5,1,4.0,1,41,5.0,4,43,Menos de Q10
54,2,1,1,1.0,6.0,5,5,6,2,5.0,3,42,5.0,3,44,Q16 - Q20
55,4,1,3,,5.0,9,43,3,5,4.0,4,14,5.0,1,45,Q21 - Q30
56,2,2,14,18.0,3.0,7,44,3,3,5.0,3,34,2.0,1,46,Q10 - Q15
57,1,1,1,20.0,5.0,4,45,5,1,4.0,3,43,5.0,2,20,Q10 - Q15
58,4,2,3,22.0,2.0,17,46,2,1,2.0,3,44,3.0,2,8,Q16 - Q20
59,2,1,1,1.0,2.0,3,47,3,2,5.0,3,45,6.0,1,47,Menos de Q10
60,6,2,1,1.0,4.0,8,32,3,2,6.0,1,6,3.0,1,48,Q16 - Q20
61,1,1,1,20.0,3.0,7,48,4,3,6.0,3,6,3.0,2,24,Q16 - Q20
62,1,2,14,23.0,3.0,3,49,7,3,5.0,1,45,8.0,3,1,Q21 - Q30
63,2,1,10,12.0,6.0,7,50,6,4,5.0,3,46,3.0,2,22,Q16 - Q20
64,4,2,18,12.0,6.0,18,51,7,3,,4,47,8.0,3,49,Menos de Q10
65,5,1,15,24.0,1.0,8,39,7,1,4.0,4,23,9.0,4,50,Q10 - Q15
66,4,1,1,1.0,3.0,4,50,4,2,2.0,4,11,4.0,3,10,Q16 - Q20
67,4,1,1,3.0,4.0,19,52,4,3,3.0,3,48,9.0,1,11,Q16 - Q20
68,5,1,14,18.0,9.0,9,53,7,1,5.0,2,49,2.0,1,51,Q16 - Q20
69,2,2,1,20.0,2.0,2,54,1,2,3.0,5,12,4.0,4,52,Q10 - Q15
70,6,2,1,6.0,3.0,20,55,2,3,2.0,1,50,6.0,1,53,Q16 - Q20
71,6,1,14,18.0,6.0,8,56,4,2,4.0,1,12,4.0,1,43,Q10 - Q15
72,6,1,1,20.0,,3,57,3,3,2.0,3,51,7.0,1,26,Q10 - Q15
73,2,1,1,6.0,3.0,7,58,5,2,2.0,1,52,4.0,2,54,Menos de Q10
74,2,1,1,8.0,8.0,15,4,1,3,5.0,3,28,9.0,4,22,Q10 - Q15
75,4,2,3,4.0,6.0,21,59,5,4,5.0,1,53,2.0,3,45,Q16 - Q20
76,4,1,1,3.0,4.0,22,60,4,3,5.0,1,6,7.0,3,55,Menos de Q10
77,4,2,9,12.0,4.0,4,12,3,1,5.0,1,54,2.0,3,13,Q21 - Q30
78,6,1,1,1.0,1.0,23,61,5,2,2.0,1,55,3.0,3,1,Q16 - Q20
79,4,1,1,20.0,9.0,7,62,1,3,2.0,3,9,3.0,3,9,
80,4,2,1,8.0,4.0,3,55,1,2,5.0,5,56,9.0,2,32,Q16 - Q20
81,4,2,9,12.0,1.0,22,63,5,2,2.0,3,50,2.0,3,27,Q16 - Q20
82,6,2,1,6.0,4.0,2,39,7,2,2.0,1,57,6.0,2,56,Q16 - Q20
83,4,1,3,22.0,3.0,9,64,1,1,3.0,3,58,4.0,4,57,Q10 - Q15
84,4,1,1,3.0,9.0,9,54,4,5,4.0,3,59,8.0,1,13,Q21 - Q30
85,4,1,1,3.0,4.0,23,6,5,3,2.0,1,60,3.0,4,58,Q21 - Q30
86,5,1,3,4.0,3.0,7,65,4,1,2.0,4,61,3.0,4,51,Q10 - Q15
87,1,1,5,16.0,5.0,7,39,7,2,5.0,5,62,5.0,1,32,Más de Q30
88,3,2,3,22.0,3.0,1,66,6,2,1.0,1,63,6.0,4,59,Q10 - Q15
89,5,1,1,8.0,2.0,22,51,3,3,2.0,3,63,4.0,4,18,Más de Q30
90,1,1,1,,9.0,23,11,6,4,1.0,3,64,5.0,1,60,Q10 - Q15
91,2,1,13,25.0,5.0,1,6,2,3,2.0,3,65,4.0,4,38,Q16 - Q20
92,2,1,1,8.0,3.0,7,67,3,3,6.0,3,6,5.0,4,61,Q21 - Q30
93,6,2,1,8.0,5.0,24,68,3,3,2.0,3,66,6.0,1,23,Q16 - Q20
94,3,1,1,3.0,4.0,8,69,6,4,4.0,4,28,7.0,3,62,Q21 - Q30
95,4,2,1,8.0,9.0,2,70,1,1,6.0,3,4,4.0,3,29,Menos de Q10
96,6,2,2,19.0,8.0,2,71,4,1,3.0,3,25,6.0,2,56,Menos de Q10
97,4,2,15,24.0,1.0,1,11,5,4,1.0,1,67,3.0,4,63,Q21 - Q30
98,3,1,1,20.0,3.0,9,11,5,2,5.0,1,68,4.0,3,64,Q16 - Q20
99,4,1,16,12.0,4.0,8,6,4,3,5.0,4,12,3.0,4,65,Q16 - Q20
100,1,2,14,17.0,4.0,9,72,5,3,2.0,3,34,8.0,3,66,Q16 - Q20
101,2,2,14,18.0,4.0,23,73,4,1,5.0,1,69,4.0,3,67,Q10 - Q15
102,3,1,14,23.0,4.0,1,18,4,2,5.0,3,50,1.0,3,18,Q21 - Q30
103,1,1,2,12.0,2.0,5,74,5,4,5.0,1,28,,3,8,Q16 - Q20
104,4,2,1,3.0,3.0,25,75,7,3,4.0,3,9,3.0,4,48,Q21 - Q30
105,3,2,1,6.0,9.0,5,76,1,4,2.0,3,70,4.0,1,6,Q10 - Q15
106,3,2,15,12.0,8.0,15,77,1,3,4.0,3,6,8.0,2,40,Q16 - Q20
107,3,1,1,6.0,4.0,4,78,3,4,2.0,1,25,5.0,1,68,Q21 - Q30
108,2,1,4,5.0,4.0,8,79,3,2,4.0,3,11,8.0,3,62,Q10 - Q15
109,2,1,1,6.0,4.0,3,80,2,1,2.0,1,71,5.0,2,51,Q10 - Q15
110,4,1,14,18.0,3.0,8,59,7,4,2.0,3,72,8.0,1,65,Q16 - Q20
111,5,2,14,17.0,6.0,7,81,4,1,3.0,1,73,8.0,4,58,Menos de Q10
112,4,2,2,2.0,3.0,8,82,2,4,3.0,1,28,9.0,4,69,Q16 - Q20
113,6,1,17,19.0,6.0,26,83,3,4,3.0,3,11,5.0,4,70,Q21 - Q30
114,2,2,19,26.0,4.0,2,41,2,3,1.0,3,74,9.0,2,71,Q10 - Q15
115,3,1,1,20.0,4.0,4,31,1,2,5.0,2,75,7.0,4,57,Más de Q30
116,2,1,15,24.0,4.0,3,31,4,1,2.0,2,76,1.0,3,35,Q10 - Q15
117,4,1,20,27.0,8.0,2,14,3,1,5.0,3,77,3.0,3,63,Q21 - Q30
118,5,1,1,1.0,4.0,9,84,4,3,2.0,3,12,8.0,4,72,Q10 - Q15
119,2,1,21,1.0,4.0,9,6,4,4,6.0,3,78,5.0,1,73,Q10 - Q15
120,2,2,1,8.0,4.0,7,85,4,1,4.0,1,79,6.0,3,74,Menos de Q10
121,2,1,7,11.0,3.0,3,25,7,4,3.0,3,6,9.0,4,75,Más de Q30
122,4,2,22,28.0,9.0,2,86,1,4,1.0,3,22,9.0,2,76,Q16 - Q20
123,4,1,5,7.0,3.0,8,87,1,2,1.0,3,80,7.0,3,77,Más de Q30
124,5,3,4,29.0,4.0,9,18,7,1,2.0,4,81,5.0,1,78,Q16 - Q20
125,6,2,1,1.0,3.0,7,18,6,1,3.0,3,28,5.0,1,79,Q21 - Q30
126,4,2,5,7.0,4.0,22,11,2,2,5.0,4,9,7.0,1,78,Q10 - Q15
127,4,2,14,23.0,6.0,9,53,5,3,2.0,4,82,9.0,2,80,Q16 - Q20
128,3,1,1,8.0,9.0,4,88,4,1,6.0,3,83,2.0,4,73,Más de Q30
129,6,1,13,15.0,4.0,2,79,3,1,2.0,3,84,4.0,4,42,Menos de Q10
130,2,1,14,17.0,5.0,1,89,5,2,6.0,1,9,4.0,3,4,Q10 - Q15
131,4,1,1,1.0,4.0,9,90,5,3,2.0,3,34,3.0,3,81,Q10 - Q15
132,2,2,9,30.0,7.0,1,79,3,1,2.0,1,85,5.0,3,47,Q21 - Q30
133,4,2,17,19.0,4.0,3,5,3,3,1.0,4,86,2.0,1,33,Q10 - Q15
134,2,2,14,17.0,4.0,7,91,1,2,2.0,1,68,6.0,3,50,Q21 - Q30
135,3,3,2,12.0,6.0,8,92,4,2,1.0,3,87,9.0,2,82,Q10 - Q15
136,2,2,20,19.0,6.0,9,8,3,2,5.0,5,88,9.0,3,11,Q21 - Q30
137,6,2,8,19.0,3.0,2,93,3,2,2.0,1,11,5.0,1,27,Q16 - Q20
138,6,2,4,31.0,3.0,2,94,2,3,5.0,3,45,4.0,4,83,Q10 - Q15
139,4,2,1,8.0,3.0,8,95,7,2,5.0,1,11,6.0,2,84,Q16 - Q20
140,6,2,1,8.0,4.0,1,96,1,2,2.0,5,55,6.0,1,85,Q16 - Q20
141,4,2,1,1.0,5.0,27,97,3,4,2.0,3,89,5.0,3,42,Menos de Q10
142,6,2,1,20.0,4.0,9,98,2,2,2.0,3,90,5.0,1,86,Q16 - Q20
143,4,2,1,20.0,6.0,22,6,5,5,5.0,1,28,8.0,2,4,Q16 - Q20
144,3,2,8,19.0,3.0,3,6,4,2,2.0,1,6,9.0,3,87,Q16 - Q20
145,4,2,1,8.0,4.0,2,99,3,2,5.0,1,7,3.0,2,88,Q21 - Q30
146,4,1,3,10.0,7.0,4,41,3,2,2.0,3,52,2.0,1,89,Q10 - Q15
147,1,1,1,6.0,3.0,7,5,4,4,5.0,1,14,8.0,1,35,Q16 - Q20
148,1,1,14,17.0,3.0,7,100,5,1,4.0,1,91,6.0,2,90,Q16 - Q20
149,3,2,1,6.0,5.0,7,30,3,2,4.0,3,92,9.0,4,75,Q16 - Q20
150,1,1,4,29.0,5.0,1,101,6,3,2.0,2,28,3.0,2,91,Q10 - Q15
151,4,2,1,3.0,4.0,8,102,3,1,1.0,2,93,4.0,1,51,Q16 - Q20
152,4,2,1,20.0,2.0,3,6,7,5,,1,94,6.0,4,92,Q10 - Q15
153,3,2,3,22.0,4.0,17,103,4,2,2.0,3,6,1.0,3,83,Q16 - Q20
154,4,2,5,7.0,4.0,1,11,4,4,3.0,4,42,5.0,3,49,Q10 - Q15
155,3,2,1,3.0,4.0,5,104,3,3,5.0,1,78,6.0,3,93,Q16 - Q20
156,4,1,1,1.0,4.0,9,11,3,1,2.0,1,95,5.0,2,41,Q16 - Q20
157,4,3,14,23.0,7.0,8,22,4,2,4.0,2,6,3.0,1,26,Q10 - Q15
158,4,2,6,12.0,4.0,5,6,5,3,2.0,3,96,6.0,3,94,Menos de Q10
159,3,1,5,32.0,3.0,28,105,3,2,2.0,5,28,5.0,3,4,Q16 - Q20
160,3,1,1,3.0,4.0,4,106,7,5,4.0,3,35,8.0,2,80,Q16 - Q20
161,3,2,22,19.0,3.0,3,107,3,1,2.0,3,12,3.0,3,2,Q21 - Q30
162,4,2,1,20.0,4.0,29,108,3,3,5.0,3,25,8.0,2,33,Menos de Q10
163,5,1,1,8.0,6.0,8,109,3,2,2.0,1,97,8.0,4,39,Q10 - Q15
164,5,2,3,10.0,3.0,28,110,1,3,2.0,3,98,5.0,4,67,Q16 - Q20
165,4,1,1,8.0,3.0,17,111,5,2,5.0,3,68,1.0,1,34,Q16 - Q20
166,1,2,20,12.0,4.0,8,53,2,4,4.0,3,95,3.0,4,37,Q10 - Q15
167,2,1,1,20.0,4.0,4,112,5,2,6.0,4,99,1.0,3,64,Q16 - Q20
168,2,2,7,12.0,4.0,8,113,6,3,5.0,1,47,8.0,3,50,Q10 - Q15
169,2,1,1,8.0,4.0,7,114,2,1,2.0,2,35,4.0,3,22,Q16 - Q20
170,3,2,1,1.0,6.0,7,18,4,3,5.0,1,45,5.0,3,95,Q16 - Q20
171,4,1,2,19.0,6.0,30,27,5,2,2.0,1,100,3.0,2,78,Q10 - Q15
172,6,2,1,3.0,3.0,7,5,2,2,4.0,1,9,9.0,2,96,Más de Q30
173,5,1,1,20.0,4.0,22,115,5,1,4.0,3,101,6.0,3,11,Q21 - Q30
174,2,1,1,1.0,2.0,5,116,3,4,2.0,3,12,2.0,3,20,Q16 - Q20
175,5,2,18,19.0,6.0,2,25,7,5,,4,34,6.0,2,54,Q16 - Q20
176,3,1,1,8.0,4.0,8,18,7,2,5.0,4,45,3.0,2,97,Q10 - Q15
177,3,2,13,33.0,4.0,31,6,2,1,5.0,3,102,6.0,1,98,Q21 - Q30
178,6,1,4,29.0,5.0,2,117,3,1,2.0,1,11,8.0,2,53,Q10 - Q15
179,4,1,1,3.0,6.0,22,118,4,1,3.0,1,11,8.0,3,55,Más de Q30
180,4,2,1,8.0,4.0,22,119,3,3,2.0,1,103,1.0,2,84,Q21 - Q30
181,2,2,1,3.0,6.0,7,120,7,3,2.0,5,104,8.0,1,42,Q21 - Q30
182,3,1,4,13.0,3.0,7,121,6,3,6.0,1,23,3.0,2,12,Q10 - Q15
183,2,2,12,12.0,5.0,5,6,3,2,2.0,3,6,8.0,1,90,Q10 - Q15
184,4,1,13,33.0,3.0,8,122,5,2,1.0,1,105,5.0,1,5,Q10 - Q15
185,5,3,1,6.0,3.0,7,123,7,3,5.0,1,28,4.0,1,17,Q16 - Q20
186,6,1,1,20.0,4.0,8,124,4,3,5.0,3,106,3.0,2,54,Q16 - Q20
187,1,2,14,17.0,3.0,17,125,3,2,4.0,3,61,6.0,1,53,Q16 - Q20
188,4,2,10,12.0,5.0,12,6,4,1,5.0,5,62,2.0,3,17,Q21 - Q30
189,2,1,20,19.0,5.0,9,11,7,5,2.0,1,9,8.0,4,32,Menos de Q10
190,6,1,1,8.0,4.0,32,79,3,5,5.0,1,107,5.0,4,95,Q10 - Q15
191,2,2,14,18.0,6.0,8,4,4,4,5.0,3,9,9.0,1,99,Q10 - Q15
192,4,2,1,8.0,4.0,8,31,7,2,2.0,4,4,2.0,2,70,Q21 - Q30
193,4,1,23,34.0,5.0,8,126,4,2,1.0,3,48,8.0,4,70,Q16 - Q20
194,2,2,13,15.0,5.0,8,127,2,2,2.0,3,108,8.0,1,100,Q21 - Q30
195,4,1,1,1.0,3.0,5,18,2,4,5.0,3,45,4.0,1,55,Q10 - Q15
196,2,3,14,18.0,4.0,3,32,4,4,5.0,3,109,7.0,1,73,Q10 - Q15
197,6,1,4,29.0,3.0,33,11,4,4,5.0,1,7,7.0,1,28,Menos de Q10
198,6,2,22,12.0,5.0,8,39,4,4,2.0,3,34,4.0,4,101,Menos de Q10
199,6,2,19,19.0,4.0,7,52,3,3,5.0,1,110,5.0,2,93,Q21 - Q30
200,2,1,14,18.0,4.0,17,6,4,2,1.0,3,111,8.0,1,76,Q10 - Q15
201,2,1,1,8.0,6.0,7,128,3,3,2.0,1,112,8.0,3,14,Q10 - Q15
202,4,1,23,19.0,9.0,5,129,3,4,5.0,3,25,5.0,2,61,Q16 - Q20
203,2,1,17,19.0,3.0,3,130,4,2,4.0,3,113,5.0,1,78,Q21 - Q30
204,3,2,14,17.0,2.0,2,6,6,2,2.0,4,114,4.0,3,102,Menos de Q10
205,5,2,1,8.0,3.0,3,131,3,3,2.0,3,115,6.0,2,6,Q21 - Q30
206,1,1,1,20.0,4.0,22,59,4,4,5.0,3,116,5.0,1,32,Q16 - Q20
207,4,1,1,3.0,4.0,9,84,5,4,2.0,3,117,7.0,1,93,Q16 - Q20
208,3,1,15,,7.0,3,6,4,3,5.0,3,118,8.0,2,7,Q10 - Q15
209,4,1,1,20.0,9.0,23,132,3,2,2.0,3,6,8.0,2,27,Q10 - Q15
210,6,1,1,20.0,4.0,14,22,2,2,3.0,1,30,5.0,2,5,Q21 - Q30
211,1,2,23,19.0,2.0,2,133,5,1,4.0,2,34,5.0,3,103,Q10 - Q15
212,3,1,1,1.0,3.0,34,79,4,3,6.0,3,119,7.0,3,12,Q10 - Q15
213,4,2,1,8.0,4.0,22,4,4,3,6.0,3,11,6.0,2,86,Q16 - Q20
214,4,2,1,8.0,3.0,2,18,7,2,2.0,3,11,4.0,1,101,Q16 - Q20
215,6,2,14,18.0,3.0,9,134,3,2,5.0,1,46,9.0,1,75,Q21 - Q30
216,2,1,1,1.0,5.0,4,112,3,2,1.0,3,120,4.0,3,77,Q10 - Q15
217,6,1,14,18.0,4.0,7,103,5,2,2.0,1,42,6.0,2,17,Q16 - Q20
218,6,2,1,20.0,3.0,9,11,3,5,4.0,3,11,8.0,2,35,Q21 - Q30
219,3,1,5,7.0,4.0,5,8,5,4,2.0,1,28,4.0,2,11,Q16 - Q20
220,2,1,2,12.0,3.0,8,135,5,1,2.0,1,6,5.0,1,85,Q10 - Q15
221,2,1,14,17.0,2.0,8,40,5,3,5.0,1,78,4.0,1,45,Q10 - Q15
222,1,2,1,3.0,3.0,8,5,1,2,1.0,3,121,3.0,1,88,Q10 - Q15
223,5,1,1,20.0,4.0,2,14,5,3,2.0,1,11,8.0,3,85,Q10 - Q15
224,3,2,5,16.0,2.0,8,136,3,4,4.0,2,122,3.0,4,61,Más de Q30
225,4,2,1,1.0,3.0,5,11,4,2,4.0,3,60,3.0,3,76,Q16 - Q20
226,3,1,1,3.0,8.0,21,11,2,3,2.0,3,123,9.0,3,81,Q16 - Q20
227,3,2,2,19.0,7.0,3,137,3,1,2.0,4,28,9.0,1,76,Menos de Q10
228,3,1,5,7.0,8.0,7,138,1,4,5.0,1,6,6.0,4,37,Q21 - Q30
229,6,1,12,12.0,6.0,8,139,4,2,2.0,3,25,8.0,4,99,Q21 - Q30
230,5,2,1,6.0,9.0,8,140,3,4,2.0,3,124,7.0,4,97,Q16 - Q20
231,4,1,1,1.0,4.0,1,106,4,4,3.0,2,125,3.0,3,74,Q21 - Q30
232,5,3,14,17.0,4.0,9,141,3,3,5.0,3,126,4.0,1,35,Más de Q30
233,2,2,4,5.0,3.0,22,142,4,1,2.0,3,127,5.0,2,19,Q16 - Q20
234,4,2,5,32.0,4.0,1,11,4,2,5.0,3,128,6.0,1,64,Q16 - Q20
235,4,3,1,3.0,6.0,9,143,5,1,5.0,1,38,4.0,4,45,Q21 - Q30
236,2,2,1,8.0,5.0,5,144,7,3,5.0,3,25,3.0,1,60,Menos de Q10
237,6,2,1,20.0,6.0,14,11,2,1,1.0,4,23,1.0,3,47,Q21 - Q30
238,4,2,1,8.0,9.0,9,8,4,1,1.0,4,129,6.0,3,59,Q16 - Q20
239,3,2,1,6.0,6.0,8,145,2,4,2.0,1,55,3.0,1,104,Q10 - Q15
240,2,1,1,20.0,5.0,1,146,4,3,5.0,1,130,5.0,3,91,Más de Q30
241,4,1,1,3.0,4.0,35,147,5,3,4.0,5,131,9.0,1,36,Q16 - Q20
242,2,2,1,6.0,8.0,2,30,2,4,2.0,1,132,5.0,1,99,Q16 - Q20
243,4,1,1,1.0,3.0,28,148,1,3,1.0,3,109,3.0,1,88,Q16 - Q20
244,4,1,1,1.0,4.0,5,6,3,3,1.0,3,50,6.0,2,19,Q16 - Q20
245,6,3,3,4.0,,22,6,3,4,5.0,4,133,4.0,2,13,Q21 - Q30
246,3,1,1,1.0,5.0,1,149,2,1,6.0,3,7,6.0,1,30,Q21 - Q30
247,4,1,22,19.0,8.0,8,39,6,3,5.0,1,103,8.0,1,100,Q16 - Q20
248,4,1,1,8.0,4.0,7,3,3,4,2.0,3,14,6.0,2,50,Q10 - Q15
249,6,2,3,4.0,4.0,8,6,4,1,5.0,3,25,7.0,2,71,Q21 - Q30
250,6,2,3,4.0,6.0,3,12,5,2,4.0,3,12,4.0,1,66,Q21 - Q30
251,4,1,1,8.0,3.0,3,150,3,2,4.0,3,134,3.0,3,2,Q16 - Q20
252,1,1,1,1.0,2.0,17,151,4,3,5.0,1,135,1.0,4,85,Q10 - Q15
253,4,1,5,16.0,5.0,2,152,5,3,2.0,1,136,6.0,1,79,Q16 - Q20
254,4,2,1,1.0,5.0,4,84,3,2,5.0,4,132,2.0,3,54,Q16 - Q20
255,1,2,1,3.0,4.0,7,39,4,2,6.0,5,92,5.0,4,37,Q10 - Q15
256,6,2,10,19.0,4.0,7,153,3,2,4.0,1,19,5.0,3,41,Más de Q30
257,4,1,1,3.0,4.0,8,11,2,4,5.0,3,137,4.0,2,18,Q16 - Q20
258,6,1,20,12.0,6.0,8,154,7,3,2.0,1,138,5.0,1,18,Q16 - Q20
259,4,1,1,20.0,4.0,36,76,5,5,2.0,1,139,4.0,3,15,Q10 - Q15
260,6,2,4,13.0,4.0,5,155,1,4,2.0,1,12,8.0,1,81,
261,1,2,5,16.0,3.0,22,156,5,2,4.0,3,49,7.0,3,100,Menos de Q10
262,3,2,3,22.0,4.0,1,92,3,1,5.0,3,106,7.0,2,7,Q21 - Q30
263,3,2,5,7.0,3.0,8,5,2,3,2.0,3,140,4.0,2,96,Menos de Q10
264,4,2,1,3.0,1.0,8,157,5,4,3.0,1,141,7.0,4,85,Q21 - Q30
265,3,2,22,12.0,6.0,8,18,3,5,5.0,1,142,7.0,1,52,Q16 - Q20
266,6,2,17,19.0,8.0,31,39,1,4,2.0,3,143,4.0,4,47,Q10 - Q15
267,3,2,11,14.0,4.0,7,18,7,1,4.0,1,144,1.0,1,105,Q16 - Q20
268,4,1,1,20.0,4.0,14,39,1,3,4.0,3,12,7.0,2,2,Q21 - Q30
269,4,2,1,8.0,9.0,9,112,3,3,3.0,3,19,8.0,2,9,Q16 - Q20
270,2,1,22,12.0,8.0,25,158,1,2,2.0,2,145,3.0,4,28,Q10 - Q15
271,3,1,1,3.0,1.0,8,8,3,1,5.0,5,7,5.0,4,53,Menos de Q10
272,4,1,1,8.0,4.0,17,159,2,1,5.0,4,100,9.0,1,83,Q16 - Q20
273,1,1,23,34.0,2.0,7,11,3,1,1.0,5,53,7.0,2,70,Q21 - Q30
274,6,1,14,18.0,6.0,3,160,3,4,4.0,1,146,5.0,2,106,Menos de Q10
275,1,1,1,1.0,1.0,2,161,7,5,5.0,3,111,8.0,1,45,Q21 - Q30
276,2,1,14,17.0,4.0,21,112,4,1,5.0,3,147,3.0,3,1,Q21 - Q30
277,3,2,1,3.0,4.0,9,79,3,2,2.0,3,148,8.0,2,63,Q16 - Q20
278,2,1,1,20.0,3.0,4,162,5,3,5.0,3,149,5.0,2,95,Q16 - Q20
279,5,1,15,24.0,2.0,4,6,4,1,5.0,1,150,9.0,3,42,Q16 - Q20
280,3,2,10,12.0,3.0,5,11,5,2,2.0,3,146,1.0,2,107,Q21 - Q30
281,6,2,1,1.0,7.0,8,49,7,5,4.0,3,151,3.0,4,108,Q21 - Q30
282,2,1,22,19.0,4.0,9,163,3,4,4.0,4,110,5.0,4,80,Menos de Q10
283,5,2,1,20.0,7.0,8,8,5,3,4.0,3,45,2.0,2,53,Menos de Q10
284,6,1,1,8.0,4.0,1,164,6,1,2.0,5,152,8.0,1,71,Más de Q30
285,5,1,17,12.0,5.0,5,11,3,4,5.0,3,6,,3,109,Menos de Q10
286,5,1,14,17.0,2.0,8,165,7,4,1.0,1,153,7.0,2,99,Q10 - Q15
287,5,2,14,18.0,3.0,9,166,4,3,2.0,3,154,9.0,2,10,Q21 - Q30
288,2,2,1,8.0,1.0,3,22,3,1,2.0,3,155,6.0,3,69,Q21 - Q30
289,3,2,3,22.0,9.0,8,8,7,3,2.0,3,34,7.0,1,67,Q16 - Q20
290,5,2,1,3.0,9.0,5,11,1,2,6.0,3,156,7.0,3,103,Q21 - Q30
291,3,2,23,19.0,2.0,8,102,7,4,4.0,1,157,,1,79,Q10 - Q15
292,1,1,1,6.0,4.0,4,123,1,1,4.0,3,158,8.0,1,50,Q21 - Q30
293,3,2,1,6.0,3.0,23,4,2,3,6.0,3,159,7.0,1,105,Q16 - Q20
294,3,3,1,6.0,5.0,37,4,5,5,2.0,3,157,1.0,3,110,Q16 - Q20
295,5,1,1,3.0,8.0,7,6,4,1,5.0,3,28,8.0,2,60,Más de Q30
296,3,1,3,22.0,8.0,8,167,3,1,3.0,5,38,1.0,1,49,Q10 - Q15
297,2,1,1,1.0,9.0,3,11,3,2,2.0,2,160,3.0,2,106,Menos de Q10
298,2,2,15,12.0,4.0,22,168,4,2,6.0,3,161,3.0,4,72,Q21 - Q30
299,4,2,1,8.0,4.0,5,6,5,4,1.0,1,162,6.0,4,24,Q10 - Q15
300,1,2,1,3.0,9.0,38,39,5,4,5.0,3,9,4.0,3,61,Q10 - Q15
301,6,1,7,11.0,6.0,38,31,6,1,6.0,1,52,8.0,3,73,Q10 - Q15
302,6,1,1,3.0,4.0,7,39,1,2,2.0,1,1,1.0,2,14,Q21 - Q30
303,4,1,1,6.0,4.0,5,18,5,3,2.0,1,163,5.0,3,51,Q16 - Q20
304,6,3,1,8.0,4.0,8,169,4,3,2.0,3,35,6.0,3,29,Q16 - Q20
305,2,2,1,1.0,8.0,9,39,1,5,5.0,2,49,4.0,3,91,Q10 - Q15
306,2,1,7,12.0,8.0,8,62,5,3,2.0,3,164,3.0,2,87,Menos de Q10
307,3,2,3,10.0,4.0,17,11,4,2,2.0,2,96,3.0,1,73,Q10 - Q15
308,5,2,1,3.0,1.0,17,76,5,4,4.0,3,165,3.0,2,59,Menos de Q10
309,2,1,3,4.0,4.0,21,68,3,3,5.0,1,166,1.0,1,102,Q21 - Q30
310,1,1,1,1.0,4.0,4,170,5,5,2.0,2,28,1.0,3,111,Q16 - Q20
311,5,1,23,34.0,4.0,17,18,4,2,5.0,1,167,5.0,4,75,Q10 - Q15
312,5,1,1,8.0,5.0,9,8,4,1,4.0,3,168,8.0,3,12,Q10 - Q15
313,2,1,8,19.0,4.0,7,4,2,5,3.0,2,47,8.0,2,6,Q21 - Q30
314,4,2,12,19.0,9.0,5,10,5,4,4.0,3,169,3.0,1,112,Q10 - Q15
315,3,1,1,1.0,5.0,8,171,3,3,1.0,1,170,3.0,4,39,Q16 - Q20
316,6,2,1,8.0,8.0,9,53,4,4,6.0,1,171,3.0,2,109,Q16 - Q20
317,4,2,23,34.0,9.0,39,53,4,5,5.0,1,29,9.0,2,90,Más de Q30
318,2,1,3,10.0,4.0,22,33,3,2,2.0,1,34,5.0,2,22,Q16 - Q20
319,4,1,1,20.0,4.0,9,6,7,1,5.0,1,11,7.0,3,12,Menos de Q10
320,4,2,16,12.0,9.0,8,146,3,2,5.0,1,172,8.0,1,44,Q16 - Q20
321,4,2,6,19.0,4.0,5,41,5,3,2.0,1,12,4.0,2,113,Q10 - Q15
322,5,2,1,6.0,8.0,1,172,5,3,4.0,3,173,3.0,4,72,Q16 - Q20
323,3,1,1,6.0,5.0,8,46,2,2,1.0,2,35,9.0,2,88,Más de Q30
324,6,1,5,7.0,,7,173,3,2,2.0,1,11,9.0,3,109,Q16 - Q20
325,4,2,18,12.0,1.0,8,135,5,3,6.0,3,174,6.0,2,81,Q16 - Q20
326,4,2,23,19.0,6.0,22,174,2,1,4.0,3,175,5.0,2,18,Q16 - Q20
327,4,2,1,3.0,4.0,5,175,7,2,3.0,2,7,2.0,4,64,Q16 - Q20
328,5,2,5,16.0,3.0,7,146,5,2,5.0,3,176,5.0,2,28,Q21 - Q30
329,3,2,13,15.0,4.0,8,176,6,5,1.0,1,173,3.0,1,83,Menos de Q10
330,6,1,1,6.0,2.0,40,64,5,5,4.0,3,177,6.0,2,36,Q21 - Q30
331,3,2,3,22.0,9.0,1,5,3,2,5.0,3,85,9.0,4,85,Q10 - Q15
332,4,1,5,7.0,6.0,2,41,4,2,5.0,3,178,8.0,3,6,Q21 - Q30
333,2,2,1,20.0,8.0,9,11,7,1,2.0,3,34,6.0,4,21,Q10 - Q15
334,6,1,1,8.0,5.0,5,89,3,1,6.0,1,179,1.0,1,26,Q16 - Q20
335,3,2,13,25.0,4.0,9,130,5,4,3.0,1,180,5.0,2,3,Q16 - Q20
336,5,1,16,21.0,6.0,1,177,6,2,2.0,2,6,8.0,3,30,Q10 - Q15
337,1,2,14,,8.0,23,178,3,2,2.0,2,28,3.0,2,87,Q16 - Q20
338,4,1,2,12.0,2.0,8,103,6,2,2.0,3,28,5.0,1,53,Q10 - Q15
339,4,2,12,35.0,5.0,7,179,2,4,2.0,3,181,6.0,1,49,Q16 - Q20
340,4,2,5,32.0,8.0,22,11,4,3,3.0,1,11,8.0,4,44,Q10 - Q15
341,4,2,23,,4.0,8,58,4,5,2.0,4,80,3.0,3,34,Q21 - Q30
342,3,2,17,19.0,6.0,8,11,7,3,2.0,1,12,3.0,3,61,Q21 - Q30
343,6,2,10,36.0,4.0,22,180,3,4,5.0,3,135,6.0,1,56,Q10 - Q15
344,4,1,4,29.0,6.0,9,5,5,1,5.0,1,12,1.0,1,56,
345,2,1,1,8.0,5.0,7,181,5,4,4.0,3,182,6.0,2,5,Menos de Q10
346,6,1,17,19.0,6.0,3,6,4,4,2.0,4,183,8.0,3,109,Q10 - Q15
347,2,1,1,3.0,4.0,8,30,3,1,5.0,3,113,3.0,3,4,Q16 - Q20
348,2,2,1,20.0,4.0,4,11,5,4,5.0,3,28,5.0,2,62,Q21 - Q30
349,2,1,1,6.0,4.0,7,182,4,3,2.0,3,184,6.0,4,45,Más de Q30
350,3,1,10,19.0,4.0,8,183,2,2,4.0,1,185,8.0,1,83,Q10 - Q15
351,2,1,1,1.0,4.0,20,184,4,2,4.0,1,100,4.0,1,17,Q16 - Q20
352,4,2,1,20.0,4.0,1,185,2,2,4.0,3,78,4.0,1,48,Q21 - Q30
353,2,2,18,12.0,6.0,7,186,3,2,5.0,1,16,6.0,2,59,Q10 - Q15
354,2,1,14,23.0,9.0,2,11,4,4,5.0,3,186,8.0,2,18,Q16 - Q20
355,3,2,1,8.0,7.0,7,187,5,3,5.0,3,16,4.0,4,3,Q21 - Q30
356,4,2,4,13.0,3.0,7,188,4,1,5.0,3,187,7.0,4,114,Q10 - Q15
357,2,1,4,29.0,4.0,2,3,4,1,4.0,2,11,5.0,2,70,Q16 - Q20
358,4,1,19,26.0,3.0,7,189,5,3,2.0,1,53,6.0,3,93,Q21 - Q30
359,4,1,1,6.0,7.0,37,190,4,4,4.0,1,4,5.0,1,115,Q10 - Q15
360,1,3,4,5.0,3.0,2,33,5,1,2.0,1,188,1.0,2,91,Q16 - Q20
361,6,1,1,1.0,8.0,5,31,7,2,6.0,3,28,5.0,2,96,Q21 - Q30
362,5,2,14,18.0,9.0,7,191,5,3,1.0,1,89,3.0,3,61,Q10 - Q15
363,2,1,1,1.0,4.0,5,192,4,3,5.0,1,11,9.0,1,29,Q10 - Q15
364,2,2,1,6.0,4.0,22,193,7,2,2.0,3,122,6.0,3,7,Q10 - Q15
365,2,2,13,33.0,2.0,37,32,2,3,1.0,1,189,9.0,4,116,Más de Q30
366,4,1,1,6.0,9.0,2,194,3,3,5.0,2,112,5.0,1,112,Q10 - Q15
367,3,2,14,18.0,4.0,2,195,3,3,2.0,3,190,6.0,4,34,Q16 - Q20
368,3,2,14,18.0,4.0,8,5,3,3,2.0,1,12,3.0,2,21,Q16 - Q20
369,4,1,1,8.0,9.0,22,156,7,4,2.0,3,25,8.0,1,35,Menos de Q10
370,2,1,3,,4.0,24,196,3,2,2.0,3,6,6.0,3,57,Q21 - Q30
371,6,2,1,1.0,4.0,2,197,3,2,4.0,1,100,8.0,1,21,Q21 - Q30
372,3,2,1,1.0,4.0,1,198,1,2,5.0,3,191,3.0,4,116,Q16 - Q20
373,4,1,1,20.0,5.0,5,199,1,2,5.0,5,144,1.0,3,11,Q16 - Q20
374,1,1,1,1.0,6.0,32,200,7,5,2.0,1,115,3.0,3,5,Menos de Q10
375,2,2,3,10.0,6.0,9,11,1,4,5.0,2,178,8.0,1,23,Q16 - Q20
376,5,2,4,29.0,5.0,8,201,2,1,2.0,1,109,9.0,1,77,Q16 - Q20
377,2,2,14,18.0,2.0,2,6,5,2,5.0,1,183,4.0,3,79,Q10 - Q15
378,1,1,19,26.0,2.0,7,194,1,2,5.0,2,126,8.0,2,59,Q10 - Q15
379,4,1,3,4.0,3.0,7,12,2,3,2.0,1,12,3.0,2,83,Menos de Q10
380,2,1,14,17.0,9.0,4,23,6,1,5.0,2,28,8.0,4,33,Q21 - Q30
381,1,1,1,6.0,4.0,25,24,3,3,3.0,3,85,6.0,1,30,Q21 - Q30
382,4,2,22,12.0,5.0,8,202,5,2,5.0,1,28,7.0,1,108,Q10 - Q15
383,3,1,1,20.0,4.0,5,203,5,2,6.0,1,7,8.0,2,50,Q16 - Q20
384,4,2,1,3.0,5.0,9,204,6,2,4.0,1,45,3.0,3,49,Q10 - Q15
385,3,2,1,3.0,4.0,8,6,5,3,2.0,1,117,3.0,1,67,Q16 - Q20
386,2,2,1,,4.0,41,205,2,1,4.0,3,192,7.0,3,77,Q10 - Q15
387,4,2,1,8.0,3.0,20,112,3,4,2.0,1,193,8.0,3,59,Menos de Q10
388,4,1,1,1.0,8.0,7,182,5,3,4.0,1,7,4.0,3,105,Q10 - Q15
389,5,2,14,18.0,2.0,7,113,6,1,5.0,3,172,3.0,3,72,Más de Q30
390,5,1,1,20.0,3.0,42,31,2,1,2.0,1,113,3.0,2,97,Q16 - Q20
391,3,1,1,1.0,4.0,8,11,6,1,2.0,3,11,2.0,3,47,Q16 - Q20
392,6,2,1,6.0,6.0,7,206,3,4,2.0,3,98,7.0,2,37,Q10 - Q15
393,2,2,1,8.0,4.0,8,39,5,1,2.0,4,194,3.0,3,49,Q16 - Q20
394,2,2,14,17.0,2.0,9,79,3,2,5.0,3,38,4.0,3,87,Q16 - Q20
395,4,1,2,19.0,9.0,1,39,1,4,2.0,3,195,2.0,1,117,Q21 - Q30
396,2,1,5,32.0,3.0,8,207,3,3,5.0,3,16,2.0,1,112,Q16 - Q20
397,1,1,1,1.0,4.0,9,11,3,3,5.0,3,149,5.0,3,62,Q16 - Q20
398,3,1,4,5.0,5.0,9,41,6,4,5.0,1,196,3.0,2,5,Q16 - Q20
399,5,2,16,21.0,6.0,5,18,4,2,4.0,3,11,8.0,2,109,Más de Q30
400,2,2,3,4.0,4.0,5,39,3,1,4.0,3,6,8.0,2,18,Q16 - Q20
401,2,2,4,13.0,3.0,18,208,3,2,1.0,1,69,9.0,1,95,Q16 - Q20
402,1,1,1,6.0,4.0,9,209,5,1,1.0,4,197,5.0,1,2,Q10 - Q15
403,4,2,3,22.0,7.0,1,210,2,3,5.0,3,55,9.0,4,71,Q21 - Q30
404,5,1,5,32.0,5.0,8,103,2,5,2.0,1,11,6.0,2,59,Q16 - Q20
405,6,1,1,6.0,2.0,4,211,5,2,6.0,3,75,8.0,2,12,Q21 - Q30
406,4,2,1,1.0,4.0,3,165,3,4,4.0,1,21,6.0,2,118,Q16 - Q20
407,4,3,7,11.0,2.0,7,31,2,1,5.0,3,28,1.0,1,112,Q16 - Q20
408,4,1,1,3.0,6.0,7,11,6,3,2.0,4,11,5.0,2,2,Q16 - Q20
409,4,1,13,15.0,5.0,7,5,5,5,1.0,3,12,3.0,4,100,Q16 - Q20
410,2,2,1,8.0,4.0,9,64,4,3,5.0,3,25,6.0,3,89,Q10 - Q15
411,2,2,1,8.0,4.0,7,89,4,1,1.0,3,18,6.0,2,47,Q10 - Q15
412,4,1,8,37.0,4.0,7,11,3,5,2.0,3,198,7.0,1,43,Q10 - Q15
413,6,1,20,19.0,4.0,4,212,2,5,1.0,3,180,8.0,3,118,Q16 - Q20
414,1,1,1,20.0,8.0,17,27,6,3,5.0,3,25,8.0,3,75,Q10 - Q15
415,2,1,4,29.0,4.0,5,6,3,1,2.0,4,11,8.0,2,46,Q16 - Q20
416,4,2,3,10.0,8.0,7,182,3,2,1.0,1,199,5.0,4,101,Q16 - Q20
417,6,2,12,35.0,3.0,4,213,5,2,2.0,1,200,3.0,3,42,Q16 - Q20
418,1,1,21,8.0,4.0,9,214,3,4,5.0,3,12,6.0,3,119,Q21 - Q30
419,4,1,3,10.0,4.0,1,215,3,2,5.0,3,28,6.0,2,26,Q10 - Q15
420,2,1,1,3.0,4.0,22,209,4,3,2.0,3,201,8.0,3,109,Q16 - Q20
421,2,2,1,8.0,6.0,9,39,4,1,1.0,1,11,9.0,2,62,Q16 - Q20
422,4,2,1,1.0,5.0,1,18,2,3,,5,202,5.0,3,66,Menos de Q10
423,4,1,17,38.0,9.0,5,76,5,4,5.0,1,188,7.0,1,57,Q16 - Q20
424,6,2,5,7.0,5.0,8,182,5,3,4.0,1,6,3.0,1,70,Q21 - Q30
425,4,1,22,19.0,9.0,23,4,3,4,3.0,1,38,5.0,1,115,Q16 - Q20
426,4,2,1,20.0,4.0,4,107,7,2,3.0,3,55,3.0,2,81,Q21 - Q30
427,5,2,1,20.0,7.0,8,216,5,3,4.0,3,68,9.0,3,83,Q10 - Q15
428,4,1,5,7.0,3.0,7,11,7,1,1.0,3,6,8.0,3,88,Q16 - Q20
429,3,1,1,20.0,,5,31,1,2,2.0,3,203,2.0,2,7,Q16 - Q20
430,6,2,1,6.0,7.0,8,134,1,4,3.0,3,95,6.0,4,104,Q16 - Q20
431,2,2,12,19.0,5.0,7,217,3,3,1.0,1,45,6.0,1,93,Q10 - Q15
432,1,1,14,17.0,8.0,9,173,5,2,2.0,3,6,5.0,2,29,Q21 - Q30
433,2,1,5,32.0,8.0,8,218,4,5,4.0,5,204,3.0,2,8,Q10 - Q15
434,4,2,1,20.0,4.0,23,4,4,2,2.0,4,65,3.0,1,31,Menos de Q10
435,1,1,3,4.0,4.0,9,112,4,4,5.0,3,122,1.0,1,71,Q10 - Q15
436,1,2,23,19.0,5.0,4,219,5,2,5.0,3,19,5.0,1,107,Q16 - Q20
437,1,2,1,3.0,4.0,23,52,3,3,3.0,3,9,6.0,1,99,Q10 - Q15
438,2,1,14,17.0,2.0,9,220,6,2,5.0,2,11,1.0,1,120,Q21 - Q30
439,2,2,1,3.0,4.0,3,102,4,1,5.0,1,182,6.0,3,101,Q21 - Q30
440,4,2,23,12.0,9.0,2,37,2,2,5.0,3,63,4.0,4,99,Q21 - Q30
441,4,1,1,3.0,4.0,1,135,2,3,4.0,3,205,6.0,1,93,Q16 - Q20
442,4,2,12,12.0,3.0,9,56,5,5,5.0,1,206,8.0,1,117,Q10 - Q15
443,4,1,18,39.0,4.0,2,221,5,3,2.0,3,12,8.0,2,70,Q21 - Q30
444,4,1,14,23.0,4.0,7,5,3,5,5.0,5,42,8.0,4,112,Q21 - Q30
445,6,1,14,23.0,9.0,9,53,7,5,6.0,1,6,1.0,1,26,Q10 - Q15
446,4,2,1,1.0,8.0,8,56,6,4,5.0,3,42,1.0,3,22,Más de Q30
447,4,1,14,18.0,4.0,5,135,6,4,6.0,3,34,6.0,2,73,Q10 - Q15
448,4,1,2,19.0,4.0,8,6,1,3,3.0,1,50,5.0,2,25,Q16 - Q20
449,4,2,4,31.0,4.0,24,103,2,4,2.0,3,138,6.0,3,11,Menos de Q10
450,2,2,1,8.0,,2,6,2,4,3.0,5,192,7.0,4,3,Q10 - Q15
451,2,2,6,12.0,5.0,9,222,3,3,4.0,3,12,9.0,1,80,Q10 - Q15
452,4,2,8,19.0,5.0,9,93,3,5,2.0,3,207,2.0,3,32,Q16 - Q20
453,6,1,13,33.0,4.0,4,22,1,5,2.0,1,179,5.0,1,48,Q10 - Q15
454,4,1,1,20.0,3.0,1,4,4,1,2.0,3,34,4.0,3,70,Q21 - Q30
455,4,1,1,1.0,8.0,7,11,4,2,5.0,1,208,5.0,2,85,Menos de Q10
456,1,2,1,8.0,1.0,43,223,1,1,5.0,1,155,5.0,2,112,Q21 - Q30
457,4,1,1,1.0,3.0,28,116,6,1,6.0,1,7,9.0,1,114,Q10 - Q15
458,3,2,3,10.0,8.0,22,4,1,4,4.0,1,209,7.0,1,31,Q16 - Q20
459,4,1,8,19.0,7.0,22,50,3,4,5.0,3,12,3.0,2,6,Q21 - Q30
460,5,1,9,12.0,3.0,7,11,2,4,5.0,1,80,8.0,2,76,Q16 - Q20
461,4,1,4,13.0,9.0,3,11,3,3,5.0,5,99,5.0,3,103,Q10 - Q15
462,4,2,1,3.0,5.0,4,35,1,2,2.0,3,7,7.0,1,1,Q10 - Q15
463,4,2,4,29.0,4.0,7,39,6,3,2.0,3,168,3.0,4,24,Q21 - Q30
464,2,1,11,12.0,5.0,9,224,3,1,1.0,1,210,5.0,4,80,Q10 - Q15
465,3,1,14,23.0,4.0,9,225,4,5,2.0,1,211,3.0,2,111,Q10 - Q15
466,2,1,1,1.0,4.0,8,39,5,2,5.0,1,92,9.0,3,74,Menos de Q10
467,6,2,3,22.0,7.0,8,226,4,1,5.0,1,212,8.0,1,104,Q21 - Q30
468,4,1,5,16.0,7.0,2,79,1,3,1.0,1,213,8.0,3,105,Q16 - Q20
469,2,2,5,7.0,9.0,3,5,2,1,3.0,1,214,3.0,2,102,Q21 - Q30
470,4,1,1,20.0,3.0,1,165,3,4,5.0,3,23,5.0,3,79,Q10 - Q15
471,2,2,1,20.0,3.0,8,18,4,1,5.0,3,45,6.0,1,93,Menos de Q10
472,4,1,20,12.0,5.0,5,227,6,2,5.0,1,28,6.0,1,21,Q10 - Q15
473,2,1,1,20.0,3.0,9,5,6,3,6.0,3,155,1.0,1,21,Q16 - Q20
474,5,2,3,22.0,4.0,1,73,3,3,1.0,1,12,7.0,4,107,Q16 - Q20
475,4,2,1,1.0,3.0,1,4,3,2,3.0,3,215,5.0,4,2,Q10 - Q15
476,3,1,1,8.0,6.0,7,47,3,2,2.0,1,12,9.0,3,81,Q16 - Q20
477,3,1,1,1.0,3.0,7,54,5,1,2.0,1,31,9.0,1,93,Q16 - Q20
478,3,2,16,19.0,6.0,35,27,2,4,2.0,4,107,3.0,1,74,Q21 - Q30
479,2,1,10,36.0,8.0,8,228,7,1,5.0,1,216,4.0,3,114,Q16 - Q20
480,4,2,1,1.0,2.0,22,59,5,2,2.0,2,4,6.0,3,30,Q10 - Q15
481,4,2,1,1.0,4.0,8,229,2,3,4.0,2,168,5.0,1,29,Q21 - Q30
482,4,1,19,26.0,4.0,21,10,6,3,1.0,2,217,9.0,2,52,Q16 - Q20
483,1,1,15,12.0,4.0,8,11,4,2,4.0,2,218,7.0,4,93,Q21 - Q30
484,6,1,1,20.0,4.0,22,6,4,2,5.0,1,75,4.0,3,30,Q21 - Q30
485,4,2,1,8.0,3.0,5,5,3,5,5.0,4,219,4.0,3,63,Q21 - Q30
486,2,2,12,35.0,4.0,7,99,7,2,2.0,3,220,1.0,2,114,Menos de Q10
487,6,1,1,3.0,3.0,22,4,1,4,5.0,3,24,3.0,1,82,Q10 - Q15
488,2,2,12,19.0,4.0,3,4,7,3,5.0,3,145,7.0,4,30,Q21 - Q30
489,1,3,5,32.0,4.0,7,230,3,3,4.0,3,221,5.0,1,5,Q21 - Q30
490,2,1,1,6.0,6.0,3,11,4,5,2.0,3,65,7.0,3,21,Q10 - Q15
491,6,2,1,8.0,4.0,4,231,1,2,1.0,1,112,3.0,1,85,Q16 - Q20
492,6,1,5,32.0,3.0,3,39,6,3,4.0,3,28,7.0,3,30,Más de Q30
493,4,2,1,3.0,4.0,8,5,5,1,3.0,3,222,9.0,3,100,Q16 - Q20
494,3,2,22,19.0,4.0,4,209,7,2,1.0,3,109,8.0,2,1,Q16 - Q20
495,2,2,5,7.0,3.0,9,52,4,4,5.0,3,115,5.0,1,70,Q16 - Q20
496,2,2,5,16.0,6.0,30,31,4,2,1.0,3,34,3.0,1,12,Q16 - Q20
497,5,2,14,23.0,3.0,8,22,3,2,4.0,3,143,7.0,4,3,Q10 - Q15
498,4,2,15,24.0,4.0,8,11,5,3,2.0,2,52,1.0,1,32,Más de Q30
499,3,2,18,39.0,4.0,7,48,6,4,5.0,3,32,,4,95,Menos de Q10
500,2,2,5,32.0,4.0,9,68,5,1,2.0,3,14,5.0,1,6,Q10 - Q15
501,4,2,6,12.0,2.0,23,6,2,1,5.0,2,6,9.0,4,113,Q16 - Q20
502,4,1,3,22.0,9.0,7,232,3,2,4.0,3,68,5.0,4,67,Q10 - Q15
503,4,2,3,10.0,6.0,5,11,7,3,2.0,3,60,3.0,1,99,Q21 - Q30
504,6,2,1,1.0,3.0,8,233,1,1,5.0,1,14,3.0,2,41,Q10 - Q15
505,5,1,1,8.0,4.0,30,234,1,1,1.0,1,223,8.0,1,18,Q21 - Q30
506,1,2,13,33.0,4.0,9,235,4,2,1.0,1,224,8.0,2,78,Q10 - Q15
507,3,1,1,20.0,9.0,5,11,5,3,4.0,1,225,6.0,1,16,Q10 - Q15
508,3,2,1,8.0,1.0,5,236,2,3,6.0,1,49,8.0,4,23,Q16 - Q20
509,2,2,1,6.0,3.0,21,209,4,1,2.0,1,226,9.0,3,98,Q21 - Q30
510,3,2,1,8.0,,5,237,2,2,2.0,4,45,9.0,3,89,Menos de Q10
511,1,1,6,,8.0,8,5,5,1,5.0,4,227,7.0,3,104,Q10 - Q15
512,3,2,4,29.0,7.0,35,238,3,3,6.0,1,63,4.0,4,39,Q16 - Q20
513,3,3,1,20.0,5.0,8,11,1,2,2.0,3,136,,2,119,Q10 - Q15
514,2,2,1,20.0,4.0,4,68,6,1,3.0,3,228,5.0,2,112,Q10 - Q15
515,3,2,4,31.0,6.0,2,41,2,2,2.0,4,73,2.0,4,111,Q16 - Q20
516,2,2,5,16.0,6.0,23,6,2,1,5.0,5,14,9.0,2,121,Q10 - Q15
517,5,1,4,31.0,7.0,5,14,6,2,2.0,1,229,5.0,4,78,Menos de Q10
518,4,1,14,23.0,5.0,17,6,4,2,2.0,3,148,5.0,3,17,Q10 - Q15
519,1,2,1,3.0,8.0,17,73,1,3,3.0,3,6,4.0,2,101,Q10 - Q15
520,6,2,4,13.0,4.0,20,239,3,3,2.0,1,34,6.0,2,39,Q10 - Q15
521,4,1,20,19.0,1.0,22,240,5,2,2.0,2,230,5.0,1,23,Q21 - Q30
522,4,2,3,22.0,4.0,4,156,7,3,5.0,1,231,8.0,1,84,Q10 - Q15
523,3,2,1,6.0,3.0,44,4,5,3,1.0,1,126,5.0,2,23,Q21 - Q30
524,4,2,1,20.0,2.0,17,111,1,5,3.0,1,232,9.0,3,63,Menos de Q10
525,5,1,1,1.0,5.0,7,241,7,2,1.0,2,115,4.0,1,39,Q16 - Q20
526,2,2,11,14.0,4.0,17,182,2,1,1.0,1,167,3.0,3,78,Q16 - Q20
527,2,2,17,12.0,5.0,1,242,6,3,2.0,1,11,2.0,1,4,Q21 - Q30
528,4,1,1,6.0,3.0,3,103,3,2,6.0,1,112,4.0,1,65,Q16 - Q20
529,4,2,9,19.0,6.0,1,6,5,4,,3,12,7.0,3,83,Q10 - Q15
530,2,1,12,12.0,2.0,5,31,4,2,1.0,1,233,5.0,1,11,Q21 - Q30
531,3,1,1,3.0,3.0,21,32,4,4,2.0,3,182,8.0,4,79,Q10 - Q15
532,1,1,1,6.0,,8,4,3,5,5.0,1,11,5.0,3,37,Q16 - Q20
533,1,2,1,3.0,3.0,45,243,3,5,4.0,1,14,3.0,1,66,Q10 - Q15
534,4,2,4,29.0,7.0,7,244,7,3,1.0,3,6,9.0,3,34,Q21 - Q30
535,4,1,5,7.0,6.0,5,245,1,4,5.0,4,4,2.0,1,101,Q16 - Q20
536,4,2,14,17.0,4.0,23,246,5,2,2.0,3,234,4.0,2,29,Q16 - Q20
537,3,1,1,3.0,2.0,44,135,2,5,4.0,1,12,7.0,1,42,Q10 - Q15
538,2,2,1,6.0,9.0,9,247,6,4,5.0,3,31,1.0,4,72,Q10 - Q15
539,3,1,18,19.0,5.0,9,10,3,3,2.0,2,19,7.0,4,115,Q10 - Q15
540,2,2,1,3.0,5.0,9,135,3,4,5.0,3,45,3.0,1,4,Q10 - Q15
541,5,1,1,3.0,9.0,4,248,3,2,,1,14,8.0,1,43,Más de Q30
542,2,2,1,3.0,6.0,1,170,3,2,4.0,3,235,1.0,3,70,Q21 - Q30
543,4,1,3,,5.0,8,249,4,2,6.0,1,6,4.0,2,100,Q21 - Q30
544,4,1,3,10.0,4.0,7,103,6,5,3.0,4,138,8.0,1,79,Q10 - Q15
545,6,1,1,6.0,2.0,23,250,7,2,2.0,3,6,7.0,1,75,Q21 - Q30
546,2,2,1,1.0,2.0,8,32,7,3,4.0,2,40,8.0,3,114,Q21 - Q30
547,2,1,4,13.0,9.0,7,4,5,4,4.0,5,2,6.0,2,44,Más de Q30
548,3,2,1,1.0,4.0,3,11,2,2,3.0,3,24,8.0,3,34,Más de Q30
549,4,2,1,3.0,8.0,8,251,7,3,5.0,1,86,6.0,2,108,Q16 - Q20
550,1,2,19,26.0,8.0,7,32,4,3,5.0,3,236,3.0,1,48,Q10 - Q15
551,2,2,3,22.0,4.0,5,252,3,4,6.0,3,7,6.0,1,91,Q10 - Q15
552,6,3,15,19.0,3.0,7,18,3,3,5.0,1,77,7.0,1,14,Más de Q30
553,2,2,1,3.0,2.0,8,6,1,2,5.0,1,237,8.0,1,97,Q10 - Q15
554,2,1,23,34.0,5.0,5,6,5,3,5.0,4,6,5.0,1,102,Q16 - Q20
555,5,1,6,9.0,6.0,5,39,1,5,4.0,3,146,9.0,3,38,Q16 - Q20
556,1,1,4,29.0,8.0,3,32,4,1,5.0,3,238,8.0,2,37,Q16 - Q20
557,2,1,11,12.0,4.0,1,83,1,3,2.0,1,11,5.0,2,47,Q16 - Q20
558,6,2,14,23.0,4.0,7,4,3,4,2.0,3,7,5.0,2,116,Q10 - Q15
559,5,1,1,6.0,3.0,5,253,5,2,5.0,4,52,7.0,1,12,Q10 - Q15
560,6,1,1,8.0,8.0,9,254,7,3,2.0,3,239,5.0,1,46,Q10 - Q15
561,1,1,4,5.0,8.0,8,255,5,1,5.0,1,138,3.0,3,7,Q21 - Q30
562,6,1,3,4.0,3.0,1,10,2,4,5.0,1,240,4.0,4,5,Q21 - Q30
563,1,1,5,7.0,4.0,8,256,4,4,5.0,3,31,8.0,2,7,Q10 - Q15
564,5,1,1,6.0,3.0,5,39,7,4,2.0,1,6,5.0,3,77,Q16 - Q20
565,3,1,22,12.0,4.0,17,257,4,2,2.0,4,241,2.0,3,62,Q16 - Q20
566,3,1,1,3.0,4.0,8,11,3,5,1.0,3,25,9.0,2,93,Q16 - Q20
567,6,2,1,6.0,8.0,9,258,5,2,2.0,1,242,8.0,3,19,Menos de Q10
568,3,1,1,6.0,6.0,4,5,6,1,5.0,1,6,3.0,1,59,Q21 - Q30
569,3,2,1,3.0,9.0,9,112,4,1,5.0,3,121,5.0,4,79,
570,4,1,1,3.0,3.0,1,259,7,1,2.0,1,45,8.0,2,92,Más de Q30
571,2,1,5,16.0,3.0,7,31,4,4,5.0,4,9,7.0,2,42,Q16 - Q20
572,2,2,14,23.0,7.0,25,58,3,2,2.0,3,28,5.0,1,52,Q21 - Q30
573,2,1,1,20.0,8.0,23,39,7,2,3.0,2,243,5.0,1,92,Q10 - Q15
574,2,2,19,12.0,8.0,8,41,2,4,5.0,4,244,3.0,1,26,Q16 - Q20
575,2,2,15,19.0,4.0,46,54,5,5,5.0,3,245,8.0,1,56,Menos de Q10
576,5,2,1,20.0,3.0,13,165,4,3,4.0,1,194,7.0,3,29,Q16 - Q20
577,2,3,12,19.0,3.0,8,164,2,2,4.0,4,12,7.0,1,75,Q10 - Q15
578,4,2,1,8.0,3.0,8,5,5,3,5.0,3,212,4.0,3,50,Q16 - Q20
579,5,1,1,3.0,3.0,9,260,3,4,2.0,3,246,4.0,2,84,Q16 - Q20
580,2,1,1,,2.0,1,4,3,4,5.0,3,247,9.0,1,4,Q16 - Q20
581,3,2,6,9.0,6.0,4,1,7,3,1.0,3,12,6.0,4,10,Q21 - Q30
582,4,2,1,20.0,4.0,43,47,4,5,4.0,3,57,1.0,2,42,Más de Q30
583,1,2,5,32.0,4.0,3,6,3,2,5.0,3,248,8.0,1,58,Menos de Q10
584,4,2,4,13.0,6.0,1,39,3,1,4.0,1,11,5.0,4,6,Q16 - Q20
585,6,2,11,14.0,4.0,1,165,3,2,4.0,3,4,5.0,1,109,Q16 - Q20
586,3,1,20,19.0,5.0,3,135,4,2,5.0,3,18,3.0,2,19,Q16 - Q20
587,2,2,14,18.0,5.0,9,6,3,2,2.0,1,9,3.0,3,24,Q10 - Q15
588,4,1,22,28.0,4.0,9,261,7,1,4.0,1,45,7.0,4,104,Q16 - Q20
589,2,2,3,22.0,9.0,8,173,7,1,4.0,1,202,9.0,3,44,Q21 - Q30
590,4,1,1,1.0,1.0,17,31,7,2,3.0,3,46,3.0,3,68,Q21 - Q30
591,2,2,3,4.0,5.0,8,262,1,4,2.0,3,7,5.0,1,81,Q16 - Q20
592,5,1,1,20.0,4.0,2,96,4,5,5.0,3,249,6.0,2,117,Más de Q30
593,3,2,1,20.0,2.0,9,11,5,4,2.0,4,158,8.0,1,3,Q16 - Q20
594,6,1,1,3.0,,3,263,4,2,5.0,3,250,6.0,1,36,Q16 - Q20
595,4,2,3,22.0,3.0,23,6,5,3,1.0,1,251,5.0,2,92,Q10 - Q15
596,5,1,5,7.0,5.0,4,264,3,3,4.0,4,12,3.0,2,58,Q10 - Q15
597,5,2,4,29.0,4.0,8,265,4,3,5.0,3,24,6.0,1,97,Q16 - Q20
598,4,1,1,6.0,4.0,1,254,4,3,5.0,1,132,9.0,3,61,Q10 - Q15
599,6,1,1,1.0,9.0,5,266,1,2,4.0,2,108,3.0,4,85,Q21 - Q30
600,2,2,6,12.0,5.0,3,267,4,3,1.0,3,14,3.0,1,89,Q16 - Q20
601,6,2,5,16.0,4.0,8,183,5,2,4.0,2,25,6.0,1,112,Q21 - Q30
602,3,1,1,3.0,2.0,1,268,3,1,5.0,3,9,8.0,1,86,Q16 - Q20
603,5,1,5,32.0,3.0,1,4,3,3,1.0,3,170,5.0,1,110,Q16 - Q20
604,4,1,5,16.0,3.0,2,39,2,3,2.0,3,252,8.0,3,116,Q16 - Q20
605,4,1,3,22.0,4.0,1,18,6,3,2.0,4,167,6.0,4,55,Q16 - Q20
606,5,2,22,28.0,4.0,4,269,3,2,5.0,3,122,5.0,2,90,Q16 - Q20
607,4,2,1,20.0,9.0,7,30,3,4,4.0,3,86,2.0,1,13,Q10 - Q15
608,2,1,3,4.0,4.0,8,270,7,2,5.0,1,9,8.0,4,101,Q21 - Q30
609,6,2,22,12.0,4.0,9,32,2,3,2.0,4,253,1.0,4,14,Q21 - Q30
610,6,1,12,12.0,6.0,46,11,3,1,4.0,3,28,7.0,1,63,Q16 - Q20
611,3,1,1,6.0,6.0,7,11,7,2,1.0,3,45,4.0,4,52,Q16 - Q20
612,4,2,14,23.0,5.0,4,210,3,2,5.0,1,254,7.0,3,40,Q21 - Q30
613,6,1,1,1.0,9.0,7,11,1,2,2.0,3,70,6.0,1,111,Q21 - Q30
614,2,2,1,6.0,1.0,7,52,3,2,3.0,3,255,9.0,1,120,Q10 - Q15
615,6,1,5,7.0,8.0,5,10,2,4,2.0,3,138,3.0,3,1,Q10 - Q15
616,3,1,11,12.0,4.0,21,39,1,2,5.0,3,18,4.0,2,100,Q16 - Q20
617,2,1,17,38.0,4.0,29,5,3,1,4.0,1,242,4.0,4,34,Q16 - Q20
618,3,2,4,13.0,4.0,2,187,2,2,4.0,1,4,1.0,1,24,Q10 - Q15
619,4,2,18,19.0,1.0,8,271,7,5,5.0,1,45,7.0,1,8,Q10 - Q15
620,5,1,14,18.0,3.0,46,272,3,2,4.0,4,34,3.0,2,85,Más de Q30
621,3,1,1,6.0,4.0,7,39,4,3,5.0,4,12,1.0,1,118,Q16 - Q20
622,2,2,1,6.0,4.0,7,273,3,1,5.0,3,256,5.0,1,31,Q16 - Q20
623,5,2,13,15.0,3.0,3,274,1,1,5.0,3,182,5.0,4,88,Q21 - Q30
624,2,1,19,12.0,3.0,1,275,2,4,5.0,1,257,9.0,1,9,Q10 - Q15
625,2,2,1,20.0,4.0,5,233,4,3,4.0,4,258,6.0,4,50,Q16 - Q20
626,4,2,1,20.0,3.0,4,8,1,3,5.0,1,28,3.0,3,38,Q10 - Q15
627,4,2,1,20.0,4.0,7,276,3,3,5.0,3,34,3.0,4,17,Q10 - Q15
628,2,2,19,19.0,4.0,8,230,5,4,5.0,3,9,5.0,2,84,Q21 - Q30
629,1,2,23,34.0,5.0,23,277,3,5,2.0,1,160,6.0,2,120,Q10 - Q15
630,2,2,1,8.0,6.0,9,278,7,5,4.0,2,259,5.0,2,6,Q10 - Q15
631,4,1,1,20.0,4.0,9,279,2,4,1.0,4,7,9.0,1,115,Q16 - Q20
632,6,2,4,13.0,9.0,7,6,5,4,1.0,3,6,3.0,1,104,Más de Q30
633,3,2,5,7.0,4.0,38,280,3,3,3.0,1,260,4.0,1,80,Q10 - Q15
634,3,2,1,6.0,8.0,2,6,3,1,3.0,1,226,1.0,3,50,Q16 - Q20
635,1,2,11,14.0,3.0,2,6,4,4,5.0,3,6,2.0,2,59,Q10 - Q15
636,2,1,14,17.0,4.0,7,32,6,4,5.0,3,257,7.0,4,46,Q16 - Q20
637,2,2,4,29.0,4.0,1,281,2,3,5.0,3,42,3.0,1,55,Q16 - Q20
638,4,1,1,6.0,3.0,7,41,5,3,1.0,3,261,8.0,1,58,Q10 - Q15
639,6,1,15,12.0,3.0,40,105,4,1,1.0,3,34,7.0,2,82,Q16 - Q20
640,2,2,11,19.0,3.0,7,282,3,1,5.0,1,262,5.0,2,11,Q16 - Q20
641,5,1,18,39.0,8.0,5,102,1,1,5.0,1,128,4.0,1,75,Menos de Q10
642,1,1,23,19.0,9.0,1,41,7,2,5.0,3,9,4.0,4,3,Q10 - Q15
643,4,2,1,20.0,4.0,5,11,4,2,2.0,3,100,8.0,3,51,Menos de Q10
644,2,2,3,4.0,7.0,5,31,5,1,2.0,3,12,4.0,3,88,Q16 - Q20
645,2,1,3,22.0,3.0,2,6,3,1,2.0,3,35,3.0,1,68,Q10 - Q15
646,4,1,14,18.0,5.0,1,30,6,3,4.0,3,197,3.0,4,15,Q16 - Q20
647,5,1,1,1.0,4.0,22,105,5,4,4.0,1,9,8.0,4,1,Q16 - Q20
648,1,1,1,6.0,3.0,22,201,4,5,2.0,3,263,3.0,4,88,Q16 - Q20
649,2,2,6,12.0,5.0,1,283,4,2,2.0,5,34,7.0,1,79,Q21 - Q30
650,4,1,1,6.0,9.0,8,59,7,3,5.0,1,12,8.0,4,92,Q16 - Q20
651,3,1,5,16.0,2.0,47,284,3,5,4.0,2,264,3.0,1,36,Q10 - Q15
652,1,1,2,12.0,5.0,7,285,4,4,5.0,1,28,4.0,3,12,Q10 - Q15
653,3,2,5,16.0,6.0,2,62,5,2,2.0,1,49,8.0,2,66,Q16 - Q20
654,6,1,1,,5.0,3,48,5,2,2.0,3,179,6.0,1,57,Q10 - Q15
655,5,2,24,4.0,3.0,9,6,7,4,2.0,3,265,7.0,3,46,Q16 - Q20
656,4,2,1,1.0,3.0,41,286,4,2,4.0,3,266,3.0,2,70,Q16 - Q20
657,6,2,5,16.0,9.0,2,6,6,3,1.0,3,181,8.0,2,61,Q16 - Q20
658,4,1,8,,5.0,1,101,2,4,5.0,3,14,8.0,4,95,Q10 - Q15
659,3,1,1,8.0,3.0,5,49,5,2,2.0,3,144,5.0,3,31,Más de Q30
660,6,1,20,19.0,4.0,9,287,3,3,2.0,3,93,4.0,1,116,Menos de Q10
661,4,2,1,3.0,3.0,3,18,3,5,5.0,1,267,6.0,1,5,Q21 - Q30
662,4,2,5,7.0,3.0,17,39,4,1,5.0,1,11,3.0,2,65,Q21 - Q30
663,3,2,4,29.0,1.0,23,288,5,1,2.0,1,268,,1,50,Menos de Q10
664,4,2,5,16.0,2.0,7,107,3,4,4.0,3,247,8.0,3,83,Q10 - Q15
665,5,1,1,20.0,5.0,1,6,6,4,2.0,2,115,7.0,3,112,Q21 - Q30
666,3,1,5,32.0,4.0,40,25,2,4,2.0,3,269,6.0,1,105,Q21 - Q30
667,3,2,23,34.0,4.0,2,289,3,3,3.0,4,7,8.0,2,117,Q21 - Q30
668,3,3,1,3.0,2.0,8,101,1,2,2.0,1,270,8.0,1,104,Q16 - Q20
669,2,2,1,8.0,3.0,9,31,6,2,4.0,5,253,2.0,3,93,Q16 - Q20
670,2,2,5,32.0,8.0,7,290,3,4,4.0,2,12,5.0,2,42,Q21 - Q30
671,4,1,2,2.0,4.0,8,37,2,4,3.0,1,271,1.0,1,116,Q10 - Q15
672,3,2,1,1.0,4.0,5,39,2,1,4.0,4,28,8.0,4,111,Menos de Q10
673,4,2,15,24.0,7.0,22,25,5,2,5.0,3,61,3.0,3,109,Q10 - Q15
674,4,1,14,23.0,3.0,8,226,3,3,5.0,5,12,4.0,2,83,Más de Q30
675,6,2,9,30.0,4.0,2,41,5,3,5.0,3,272,8.0,1,107,Q10 - Q15
676,1,1,6,19.0,4.0,8,107,4,1,2.0,2,9,8.0,4,6,Q10 - Q15
677,6,1,1,1.0,9.0,3,30,4,3,2.0,3,122,5.0,4,12,Q16 - Q20
678,5,2,4,5.0,,1,68,4,2,3.0,1,6,5.0,2,11,Q10 - Q15
679,1,2,14,23.0,9.0,5,291,7,3,5.0,3,7,8.0,3,34,Q21 - Q30
680,2,2,9,30.0,7.0,2,54,3,3,2.0,3,99,3.0,1,80,Q16 - Q20
681,4,1,1,1.0,4.0,1,25,3,4,5.0,1,28,3.0,3,115,Q16 - Q20
682,3,1,17,19.0,4.0,3,54,5,3,1.0,1,273,4.0,2,65,Q21 - Q30
683,2,1,6,12.0,4.0,8,5,3,3,2.0,3,274,8.0,2,15,Q10 - Q15
684,3,1,11,12.0,1.0,1,31,3,2,1.0,5,24,8.0,1,30,Q21 - Q30
685,4,2,14,17.0,4.0,9,156,5,4,4.0,3,157,5.0,3,42,Q16 - Q20
686,4,2,4,13.0,7.0,9,31,7,2,3.0,5,11,6.0,2,13,Q10 - Q15
687,4,2,1,3.0,3.0,9,235,3,2,1.0,1,19,9.0,2,82,Q10 - Q15
688,2,1,6,19.0,6.0,5,39,3,2,5.0,3,7,5.0,2,94,Q21 - Q30
689,2,2,1,8.0,4.0,7,182,5,1,5.0,5,93,5.0,2,82,Q21 - Q30
690,4,1,22,,6.0,8,292,6,2,2.0,3,124,5.0,4,106,Q10 - Q15
691,4,1,17,38.0,4.0,4,23,1,3,1.0,1,6,1.0,3,20,Q10 - Q15
692,5,1,1,6.0,5.0,8,5,1,1,4.0,1,24,7.0,1,14,Q16 - Q20
693,6,2,1,6.0,4.0,8,293,6,2,2.0,1,34,7.0,3,23,Q21 - Q30
694,5,2,15,19.0,2.0,5,68,2,3,5.0,1,43,4.0,1,75,Q21 - Q30
695,3,2,1,20.0,6.0,2,11,7,2,2.0,3,34,7.0,2,91,Q16 - Q20
696,2,1,10,19.0,8.0,8,54,2,3,2.0,3,12,8.0,3,100,Q10 - Q15
697,2,2,5,32.0,4.0,29,85,4,4,4.0,1,12,6.0,2,67,Q21 - Q30
698,2,2,2,19.0,4.0,39,294,3,4,5.0,1,200,3.0,1,87,Q10 - Q15
699,3,1,1,8.0,6.0,9,6,2,2,1.0,5,61,8.0,1,24,Q16 - Q20
700,6,2,16,12.0,5.0,9,173,4,3,6.0,3,6,4.0,1,40,Q16 - Q20
701,4,1,1,20.0,4.0,8,11,6,2,5.0,1,275,5.0,3,109,Q10 - Q15
702,2,2,1,3.0,5.0,9,295,2,3,5.0,2,34,5.0,1,27,Q10 - Q15
703,4,1,1,8.0,4.0,22,11,2,2,4.0,4,124,3.0,4,4,Q10 - Q15
704,2,2,4,5.0,4.0,31,296,4,2,1.0,3,276,3.0,3,116,Q10 - Q15
705,6,2,1,8.0,7.0,8,8,3,1,3.0,3,11,6.0,4,49,Q21 - Q30
706,4,2,1,8.0,9.0,20,11,4,3,2.0,1,277,5.0,4,39,Q21 - Q30
707,2,1,1,,3.0,9,108,3,1,2.0,3,278,2.0,1,45,Q16 - Q20
708,4,1,15,19.0,7.0,8,107,4,1,2.0,2,155,6.0,1,59,Menos de Q10
709,4,1,5,7.0,4.0,8,47,3,3,2.0,1,279,2.0,1,4,Q21 - Q30
710,1,1,4,29.0,6.0,1,30,1,3,2.0,1,31,6.0,1,43,Q21 - Q30
711,5,1,4,29.0,4.0,8,31,4,1,3.0,3,23,8.0,2,58,Menos de Q10
712,3,2,1,3.0,3.0,7,297,5,3,5.0,1,210,3.0,4,39,Q16 - Q20
713,5,2,1,6.0,,2,5,3,2,5.0,1,28,5.0,3,92,Q21 - Q30
714,4,2,14,23.0,3.0,7,39,3,2,2.0,3,34,1.0,1,60,Q16 - Q20
715,3,2,14,18.0,5.0,2,298,3,3,5.0,4,9,5.0,1,2,Q21 - Q30
716,2,2,13,33.0,4.0,7,18,4,4,5.0,1,7,6.0,2,39,Q10 - Q15
717,5,1,1,3.0,2.0,8,299,3,3,5.0,2,157,3.0,2,14,Q21 - Q30
718,5,1,1,,3.0,23,300,3,2,2.0,3,50,6.0,1,109,Q16 - Q20
719,6,2,12,19.0,8.0,2,301,6,3,6.0,1,34,8.0,2,29,Q16 - Q20
720,6,2,14,17.0,5.0,7,9,4,1,3.0,3,18,8.0,1,26,Q16 - Q20
721,2,1,1,1.0,3.0,7,11,3,2,5.0,1,264,2.0,2,46,Q21 - Q30
722,6,1,4,31.0,5.0,7,302,2,1,5.0,3,78,3.0,2,85,Q10 - Q15
723,5,2,1,6.0,4.0,8,303,2,3,2.0,3,88,7.0,4,11,Q21 - Q30
724,6,2,1,6.0,3.0,1,304,5,5,4.0,3,23,6.0,1,102,Más de Q30
725,3,1,22,12.0,5.0,8,305,5,3,1.0,3,280,4.0,3,2,Q10 - Q15
726,6,2,1,8.0,3.0,1,48,3,4,5.0,3,281,8.0,3,107,Q10 - Q15
727,3,2,1,3.0,4.0,4,306,4,3,5.0,3,282,5.0,2,76,Menos de Q10
728,2,2,3,22.0,4.0,7,307,3,3,3.0,3,108,6.0,4,10,Q16 - Q20
729,4,1,16,19.0,5.0,7,39,6,4,6.0,3,283,1.0,2,101,Menos de Q10
730,3,1,4,31.0,6.0,5,6,3,3,5.0,1,282,8.0,1,55,Más de Q30
731,4,1,3,22.0,4.0,7,8,4,3,2.0,1,6,5.0,1,36,Q10 - Q15
732,4,2,1,1.0,7.0,1,308,5,2,5.0,3,24,1.0,1,26,Q10 - Q15
733,3,2,1,3.0,5.0,2,178,7,2,5.0,1,284,5.0,1,5,Q16 - Q20
734,2,2,4,31.0,5.0,8,165,5,3,1.0,3,285,4.0,2,84,Q16 - Q20
735,4,2,1,3.0,3.0,16,84,5,3,2.0,4,286,3.0,1,54,Q10 - Q15
736,4,2,18,19.0,3.0,2,309,3,3,2.0,3,287,4.0,2,7,Menos de Q10
737,5,2,5,32.0,3.0,7,39,7,2,5.0,1,180,1.0,1,11,Menos de Q10
738,3,1,4,13.0,4.0,7,11,7,4,5.0,3,7,9.0,3,7,Q16 - Q20
739,4,1,3,22.0,5.0,2,140,3,3,5.0,5,288,9.0,4,81,Más de Q30
740,6,2,4,31.0,4.0,8,310,6,1,5.0,1,58,3.0,1,110,Q16 - Q20
741,6,1,14,23.0,8.0,22,11,4,4,5.0,3,68,1.0,1,65,Q10 - Q15
742,3,1,1,8.0,4.0,8,311,3,2,4.0,2,12,5.0,3,62,Q10 - Q15
743,3,2,1,6.0,4.0,7,47,5,3,3.0,4,289,5.0,4,21,Q16 - Q20
744,2,2,24,22.0,4.0,23,312,3,2,5.0,2,99,4.0,4,47,Q16 - Q20
745,2,1,1,6.0,4.0,7,173,6,1,5.0,1,88,6.0,1,82,Q16 - Q20
746,2,2,15,12.0,8.0,47,27,1,3,5.0,3,11,3.0,3,30,Q16 - Q20
747,4,3,3,4.0,4.0,4,4,1,2,2.0,1,89,7.0,3,1,Q16 - Q20
748,4,1,6,9.0,2.0,30,76,1,3,2.0,3,262,6.0,3,12,Q21 - Q30
749,4,1,4,5.0,8.0,2,6,5,1,2.0,3,18,8.0,4,117,Q16 - Q20
750,2,1,10,36.0,8.0,8,313,2,5,4.0,4,42,9.0,2,110,Q16 - Q20
751,3,2,5,7.0,3.0,17,39,2,3,2.0,4,157,9.0,1,99,Q16 - Q20
752,2,1,14,18.0,5.0,5,6,4,4,4.0,1,42,8.0,3,94,Q16 - Q20
753,4,1,1,6.0,3.0,2,314,4,3,5.0,1,157,7.0,1,83,Q16 - Q20
754,1,2,1,20.0,2.0,2,6,5,2,2.0,3,290,9.0,4,49,Q16 - Q20
755,4,2,6,19.0,4.0,8,11,4,2,5.0,2,6,3.0,1,29,Más de Q30
756,2,1,5,32.0,8.0,7,240,7,3,6.0,3,291,7.0,2,22,Q21 - Q30
757,3,1,1,8.0,4.0,3,39,7,1,4.0,3,49,7.0,4,79,Q10 - Q15
758,1,1,14,17.0,3.0,9,49,3,1,2.0,1,292,6.0,2,39,Q16 - Q20
759,2,1,1,20.0,6.0,7,32,2,3,2.0,3,279,5.0,3,99,Q16 - Q20
760,3,2,22,12.0,4.0,2,315,4,2,5.0,4,11,9.0,2,109,Q21 - Q30
761,6,2,1,8.0,2.0,8,154,2,4,5.0,1,293,2.0,2,25,Más de Q30
762,2,2,1,8.0,4.0,5,170,4,2,2.0,1,294,6.0,1,14,Q10 - Q15
763,4,1,3,22.0,8.0,4,316,6,4,3.0,1,96,8.0,1,110,Q10 - Q15
764,3,2,1,3.0,4.0,7,148,3,2,5.0,3,28,5.0,1,73,Q16 - Q20
765,2,1,2,19.0,2.0,4,31,6,1,4.0,1,14,3.0,4,76,Q16 - Q20
766,2,2,12,,8.0,5,162,7,1,1.0,4,124,5.0,2,110,Q16 - Q20
767,3,1,5,32.0,,30,59,3,2,2.0,3,9,5.0,1,66,Más de Q30
768,4,1,1,3.0,4.0,1,11,3,3,1.0,4,295,6.0,2,25,Q10 - Q15
769,4,2,4,5.0,4.0,8,27,2,2,2.0,1,296,8.0,2,45,Q21 - Q30
770,3,2,1,3.0,5.0,7,6,4,3,1.0,3,297,4.0,1,75,Q21 - Q30
771,2,1,1,3.0,4.0,48,317,4,3,1.0,3,34,5.0,1,18,Menos de Q10
772,5,2,11,19.0,6.0,7,39,7,4,3.0,1,11,1.0,1,78,Q16 - Q20
773,3,2,1,1.0,6.0,3,39,2,2,5.0,1,186,4.0,3,80,Q16 - Q20
774,4,2,23,12.0,8.0,9,5,1,3,2.0,4,34,4.0,2,80,Q21 - Q30
775,4,2,11,12.0,5.0,7,178,4,4,5.0,1,170,8.0,1,111,Q21 - Q30
776,2,1,1,3.0,3.0,48,36,4,5,1.0,3,6,6.0,1,100,Q10 - Q15
777,2,1,1,8.0,4.0,5,318,7,5,5.0,3,24,4.0,4,58,Menos de Q10
778,2,2,3,4.0,4.0,1,205,3,2,2.0,4,298,1.0,4,60,Q10 - Q15
779,2,2,1,8.0,4.0,8,11,7,4,3.0,5,37,3.0,4,13,Menos de Q10
780,4,1,1,3.0,9.0,9,39,3,3,2.0,1,52,6.0,1,22,Q16 - Q20
781,3,2,9,12.0,4.0,14,33,4,2,2.0,1,34,6.0,3,24,Q10 - Q15
782,3,2,1,8.0,4.0,7,39,3,4,5.0,2,225,3.0,3,5,Q10 - Q15
783,2,2,19,26.0,6.0,5,319,4,2,,3,173,5.0,3,3,Menos de Q10
784,4,2,4,31.0,3.0,21,320,6,2,4.0,1,14,5.0,2,21,Q16 - Q20
785,4,2,23,34.0,4.0,7,257,4,4,1.0,3,207,6.0,1,113,Q16 - Q20
786,4,2,4,5.0,6.0,8,106,3,3,4.0,1,14,5.0,1,97,Q16 - Q20
787,2,1,1,1.0,9.0,3,321,3,2,5.0,2,132,8.0,1,94,Q21 - Q30
788,5,1,4,5.0,4.0,1,173,4,4,3.0,4,299,8.0,1,116,Más de Q30
789,2,2,10,36.0,3.0,23,173,6,3,3.0,3,75,5.0,3,32,Q21 - Q30
790,4,2,1,20.0,6.0,9,168,6,4,5.0,3,212,3.0,3,71,Q10 - Q15
791,3,1,5,32.0,5.0,22,6,6,2,3.0,4,92,2.0,1,72,Q21 - Q30
792,5,2,4,31.0,4.0,9,322,3,4,5.0,3,300,5.0,4,30,Q21 - Q30
793,4,1,1,1.0,4.0,1,323,3,3,5.0,1,38,7.0,1,27,Q21 - Q30
794,3,2,5,32.0,5.0,5,69,7,2,2.0,2,45,4.0,3,110,Q10 - Q15
795,4,2,3,10.0,5.0,9,84,3,2,4.0,4,34,3.0,3,92,Q10 - Q15
796,4,2,8,19.0,3.0,49,5,1,3,5.0,1,11,8.0,4,78,Q16 - Q20
797,6,2,1,1.0,3.0,9,182,1,2,6.0,4,92,9.0,4,25,Menos de Q10
798,5,1,1,20.0,4.0,1,31,4,3,6.0,1,9,6.0,1,74,Más de Q30
799,4,2,1,8.0,4.0,7,219,7,4,2.0,3,38,4.0,4,26,Menos de Q10
800,2,1,4,5.0,6.0,9,324,2,1,3.0,4,36,8.0,1,94,Q21 - Q30
801,5,1,4,31.0,3.0,4,24,6,1,3.0,1,301,5.0,2,42,Q16 - Q20
802,2,2,14,17.0,4.0,8,182,3,4,4.0,1,302,3.0,2,43,Q10 - Q15
803,6,2,3,22.0,2.0,5,10,7,3,6.0,3,6,5.0,2,99,Q16 - Q20
804,4,1,14,23.0,7.0,9,203,7,2,2.0,3,34,3.0,1,43,Q21 - Q30
805,4,2,22,19.0,4.0,8,325,5,4,4.0,3,303,7.0,3,9,Q16 - Q20
806,2,1,4,5.0,6.0,7,6,7,3,2.0,1,13,6.0,3,22,Q10 - Q15
807,3,2,23,12.0,5.0,7,6,3,4,4.0,2,12,5.0,1,112,Q10 - Q15
808,4,1,1,3.0,9.0,17,326,4,5,2.0,5,304,2.0,1,115,Q16 - Q20
809,2,1,3,22.0,,11,327,5,2,5.0,1,155,3.0,1,79,Más de Q30
810,2,2,4,31.0,4.0,9,328,3,3,5.0,3,57,4.0,3,86,Q21 - Q30
811,1,2,1,3.0,3.0,7,11,3,3,2.0,5,32,4.0,1,45,Q10 - Q15
812,2,2,6,19.0,2.0,9,68,7,4,5.0,1,266,7.0,1,56,Q21 - Q30
813,2,2,22,28.0,6.0,50,11,3,2,5.0,4,33,7.0,4,19,Q21 - Q30
814,4,2,14,17.0,5.0,9,329,4,3,2.0,1,7,8.0,1,108,Q16 - Q20
815,2,3,1,1.0,7.0,7,103,2,2,4.0,3,55,5.0,4,68,Q16 - Q20
816,4,1,15,19.0,2.0,9,6,3,2,6.0,1,305,9.0,2,114,Q10 - Q15
817,4,1,1,3.0,6.0,4,18,4,2,2.0,1,30,3.0,4,94,Q16 - Q20
818,4,1,4,5.0,5.0,1,11,4,1,5.0,1,306,8.0,4,90,Q16 - Q20
819,4,1,23,34.0,6.0,5,31,6,3,1.0,2,34,6.0,2,98,Q16 - Q20
820,6,2,5,7.0,4.0,1,330,1,4,5.0,1,28,5.0,4,39,Q10 - Q15
821,2,2,5,32.0,4.0,24,331,4,1,6.0,1,307,7.0,1,111,Q16 - Q20
822,4,2,1,20.0,6.0,8,200,5,1,1.0,5,34,3.0,4,8,Q16 - Q20
823,6,1,3,4.0,4.0,5,332,3,4,2.0,3,9,8.0,4,97,Q16 - Q20
824,4,1,1,8.0,3.0,2,333,5,5,1.0,1,14,4.0,3,46,Q21 - Q30
825,4,2,6,19.0,4.0,5,45,3,3,2.0,1,11,5.0,4,45,Q21 - Q30
826,3,1,12,19.0,4.0,5,6,3,2,2.0,1,270,8.0,4,8,Q10 - Q15
827,3,2,20,19.0,4.0,8,182,6,3,2.0,3,20,3.0,1,29,Q10 - Q15
828,4,2,10,19.0,4.0,1,6,3,3,5.0,2,9,8.0,2,113,Más de Q30
829,2,1,19,19.0,1.0,2,140,4,1,2.0,2,308,3.0,3,57,Q10 - Q15
830,5,1,7,19.0,4.0,9,334,1,3,2.0,3,200,8.0,3,17,Q10 - Q15
831,3,1,17,19.0,2.0,17,4,6,2,1.0,4,243,7.0,2,66,Q21 - Q30
832,4,2,1,8.0,5.0,35,8,2,3,4.0,3,309,5.0,1,48,Q16 - Q20
833,6,2,7,11.0,1.0,8,39,3,3,4.0,3,310,8.0,1,94,Menos de Q10
834,3,1,5,32.0,4.0,9,335,5,2,2.0,3,50,5.0,4,90,Q10 - Q15
835,3,2,4,31.0,5.0,4,76,4,4,1.0,3,49,8.0,4,84,Q10 - Q15
836,4,1,1,1.0,4.0,2,219,6,1,5.0,3,311,8.0,2,88,Q16 - Q20
837,3,2,1,3.0,5.0,7,39,4,4,5.0,1,302,5.0,1,2,Q10 - Q15
838,4,1,11,19.0,4.0,7,336,5,3,5.0,3,312,8.0,4,44,Menos de Q10
839,2,1,1,3.0,5.0,5,337,3,2,2.0,5,313,7.0,3,93,Q16 - Q20
840,3,2,1,1.0,6.0,1,32,6,2,4.0,1,237,4.0,4,18,Q21 - Q30
841,4,1,5,7.0,6.0,2,93,5,2,5.0,5,6,5.0,4,39,Q10 - Q15
842,3,1,4,13.0,3.0,34,103,3,1,4.0,1,45,5.0,3,46,Q21 - Q30
843,3,2,15,12.0,3.0,3,338,5,3,1.0,3,78,4.0,1,65,Q16 - Q20
844,2,2,4,31.0,8.0,2,54,5,4,5.0,1,39,8.0,1,47,Q21 - Q30
845,2,2,1,6.0,3.0,1,135,5,3,4.0,1,34,6.0,2,53,Q16 - Q20
846,4,2,1,6.0,4.0,22,339,3,2,6.0,3,34,7.0,2,16,Q16 - Q20
847,2,1,1,8.0,4.0,23,340,5,4,2.0,1,55,6.0,3,90,Q16 - Q20
848,4,2,16,21.0,3.0,8,85,4,3,5.0,3,11,1.0,1,31,Q10 - Q15
849,4,2,1,1.0,3.0,1,4,2,2,5.0,1,181,4.0,4,90,Q10 - Q15
850,2,1,14,18.0,5.0,9,107,5,3,2.0,1,78,6.0,1,101,Menos de Q10
851,4,1,1,,4.0,39,11,4,4,4.0,2,303,4.0,1,89,Q10 - Q15
852,3,1,12,19.0,3.0,5,341,6,1,2.0,3,314,3.0,2,88,Menos de Q10
853,2,1,5,32.0,8.0,8,342,3,3,5.0,4,55,9.0,3,49,Q21 - Q30
854,3,1,4,31.0,4.0,5,39,7,3,5.0,3,12,5.0,4,32,Más de Q30
855,4,2,4,31.0,4.0,1,343,4,2,2.0,1,315,9.0,3,63,Q16 - Q20
856,3,1,1,6.0,3.0,7,344,3,2,2.0,1,242,7.0,3,22,Q21 - Q30
857,6,2,6,12.0,3.0,8,11,2,4,4.0,3,78,6.0,1,5,Q21 - Q30
858,2,1,4,29.0,3.0,7,53,5,5,5.0,3,9,9.0,1,4,Q16 - Q20
859,2,2,4,5.0,4.0,8,31,5,3,4.0,1,6,3.0,4,14,Q10 - Q15
860,4,1,1,6.0,4.0,6,345,5,3,5.0,2,316,4.0,1,81,Q10 - Q15
861,4,1,14,23.0,4.0,9,346,2,2,4.0,1,317,6.0,1,58,Q16 - Q20
862,2,1,1,20.0,3.0,49,6,7,3,2.0,1,318,8.0,1,16,Q21 - Q30
863,3,1,1,6.0,4.0,9,319,3,1,5.0,3,242,6.0,3,103,Q10 - Q15
864,6,2,5,32.0,7.0,1,197,2,5,6.0,4,25,5.0,4,63,Más de Q30
865,3,1,1,20.0,8.0,5,6,3,1,5.0,3,45,6.0,3,49,Q21 - Q30
866,6,1,14,23.0,5.0,17,31,4,2,4.0,3,102,7.0,1,21,Q10 - Q15
867,3,1,1,8.0,3.0,51,283,5,2,5.0,3,12,1.0,1,28,Q10 - Q15
868,6,1,4,29.0,3.0,7,41,4,1,6.0,1,190,6.0,1,66,Q21 - Q30
869,4,1,2,12.0,6.0,23,5,5,3,5.0,1,212,8.0,4,31,Q21 - Q30
870,5,3,14,23.0,2.0,44,5,2,3,2.0,1,14,7.0,2,65,Q16 - Q20
871,4,1,1,8.0,2.0,17,347,5,2,3.0,3,80,6.0,2,16,Q16 - Q20
872,3,2,1,20.0,4.0,1,4,1,3,1.0,1,138,5.0,3,50,Más de Q30
873,2,2,1,8.0,8.0,9,4,5,1,2.0,1,47,8.0,1,45,Q10 - Q15
874,4,1,1,20.0,4.0,9,219,3,3,5.0,2,319,5.0,1,90,Q16 - Q20
875,2,2,5,32.0,6.0,4,6,4,3,2.0,1,197,3.0,4,27,Q16 - Q20
876,6,2,1,6.0,3.0,7,12,5,4,4.0,1,98,5.0,3,67,Q16 - Q20
877,2,1,5,32.0,4.0,8,108,4,3,2.0,3,138,5.0,3,88,Menos de Q10
878,2,2,13,33.0,4.0,17,173,7,2,4.0,4,109,3.0,1,58,Q10 - Q15
879,4,1,1,1.0,9.0,7,4,7,2,2.0,3,34,4.0,2,15,Menos de Q10
880,2,1,22,19.0,3.0,2,348,4,2,4.0,5,4,6.0,3,118,Más de Q30
881,6,1,5,7.0,3.0,8,349,6,3,5.0,3,320,8.0,3,52,Más de Q30
882,2,2,1,20.0,3.0,2,75,3,1,4.0,3,65,8.0,3,90,Q21 - Q30
883,4,2,1,20.0,9.0,39,350,7,4,2.0,1,223,4.0,1,24,Q21 - Q30
884,2,2,18,19.0,8.0,7,156,1,1,5.0,3,28,8.0,1,106,Q10 - Q15
885,4,2,1,6.0,8.0,9,351,7,4,3.0,1,179,8.0,4,114,Q16 - Q20
886,4,2,1,,9.0,2,70,1,1,6.0,3,4,4.0,3,29,Menos de Q10
887,1,1,3,4.0,6.0,8,212,2,2,1.0,5,101,2.0,4,48,Q16 - Q20
888,1,1,18,39.0,,17,31,4,2,5.0,5,6,5.0,1,109,Q16 - Q20
889,6,2,1,20.0,9.0,9,337,4,1,1.0,3,321,6.0,3,74,Más de Q30
890,4,1,1,20.0,9.0,3,88,7,2,2.0,2,322,7.0,3,106,Q10 - Q15
891,1,2,7,12.0,4.0,44,136,4,1,6.0,1,78,5.0,1,83,Q10 - Q15
892,2,1,15,12.0,4.0,52,199,7,5,5.0,1,174,7.0,1,102,Menos de Q10
893,6,2,1,1.0,9.0,4,352,4,2,2.0,1,38,4.0,3,63,Q16 - Q20
894,4,1,1,3.0,5.0,5,31,4,4,2.0,3,323,2.0,1,76,Q16 - Q20
895,3,1,1,3.0,4.0,7,353,4,2,2.0,3,182,8.0,3,28,Q10 - Q15
896,3,2,12,35.0,6.0,4,5,7,2,5.0,3,290,5.0,2,114,Q16 - Q20
897,3,2,1,6.0,3.0,36,299,6,3,2.0,1,27,1.0,3,33,Q16 - Q20
898,3,2,1,8.0,5.0,7,93,5,3,5.0,1,324,5.0,1,80,Q16 - Q20
899,5,1,6,12.0,5.0,8,13,3,2,2.0,1,96,9.0,1,66,Q10 - Q15
900,3,1,5,32.0,6.0,9,99,4,3,6.0,1,325,6.0,3,71,Q16 - Q20
901,4,2,1,3.0,4.0,5,302,5,4,6.0,2,266,3.0,4,18,Menos de Q10
902,4,2,1,8.0,5.0,7,354,7,2,4.0,1,34,2.0,4,10,Q16 - Q20
903,3,2,14,23.0,6.0,22,355,7,3,2.0,4,11,9.0,4,13,Q10 - Q15
904,6,2,2,19.0,4.0,3,356,2,1,4.0,1,12,3.0,4,116,Q10 - Q15
905,4,1,4,5.0,4.0,47,4,3,3,2.0,5,7,2.0,4,94,Q10 - Q15
906,4,1,3,4.0,3.0,1,68,2,3,4.0,3,124,3.0,1,63,
907,2,1,14,18.0,2.0,1,77,5,1,2.0,3,178,7.0,4,68,Q21 - Q30
908,3,2,1,1.0,6.0,8,39,5,1,5.0,1,34,,2,18,Q10 - Q15
909,1,1,4,29.0,4.0,8,6,7,4,5.0,3,28,6.0,4,120,Q21 - Q30
910,3,1,1,20.0,3.0,49,39,7,4,2.0,1,272,3.0,1,101,Q21 - Q30
911,4,1,14,18.0,4.0,7,39,2,2,5.0,3,127,8.0,1,51,Q21 - Q30
912,3,2,1,8.0,3.0,8,52,5,3,5.0,1,122,4.0,4,84,Q16 - Q20
913,4,1,6,9.0,6.0,17,11,6,2,,1,50,8.0,3,20,Q21 - Q30
914,4,2,1,1.0,5.0,5,140,5,5,2.0,4,28,4.0,2,53,Q16 - Q20
915,2,1,5,32.0,5.0,3,135,4,1,5.0,4,14,5.0,2,114,Q10 - Q15
916,4,1,1,20.0,4.0,1,39,4,3,2.0,1,34,5.0,2,13,Q10 - Q15
917,3,1,1,6.0,6.0,4,182,2,2,1.0,1,232,9.0,3,45,Q16 - Q20
918,4,1,1,3.0,3.0,8,357,4,4,5.0,1,25,4.0,4,38,Q16 - Q20
919,6,1,4,31.0,5.0,1,358,4,3,4.0,4,9,4.0,3,36,Q10 - Q15
920,6,1,1,20.0,3.0,5,359,4,2,2.0,2,302,7.0,2,55,Q16 - Q20
921,2,2,14,17.0,4.0,34,10,4,3,2.0,1,12,6.0,1,114,Menos de Q10
922,4,1,1,1.0,6.0,9,360,3,3,2.0,3,11,8.0,1,83,Q16 - Q20
923,2,1,3,22.0,4.0,2,361,7,4,5.0,1,255,8.0,3,59,Q10 - Q15
924,2,2,5,7.0,4.0,1,362,3,1,1.0,3,9,8.0,3,7,Q10 - Q15
925,4,1,12,35.0,5.0,31,18,5,1,2.0,3,326,3.0,1,112,Más de Q30
926,1,2,20,12.0,7.0,2,41,5,4,2.0,1,43,5.0,1,32,Más de Q30
927,4,2,1,6.0,7.0,17,363,3,4,2.0,1,157,5.0,4,102,Q10 - Q15
928,3,1,23,12.0,3.0,9,146,1,1,6.0,5,327,3.0,3,61,Más de Q30
929,4,2,9,30.0,4.0,49,50,1,3,5.0,3,112,4.0,2,61,Q10 - Q15
930,2,2,1,3.0,9.0,2,39,1,4,4.0,3,167,4.0,3,61,Q10 - Q15
931,2,2,2,2.0,4.0,1,364,2,2,4.0,1,127,2.0,3,103,Q21 - Q30
932,4,1,18,19.0,4.0,7,8,4,1,4.0,4,328,4.0,2,9,Menos de Q10
933,1,2,3,4.0,4.0,53,6,4,2,3.0,3,24,3.0,1,49,Q10 - Q15
934,4,1,1,20.0,2.0,8,6,6,3,5.0,3,28,8.0,2,8,Q10 - Q15
935,3,2,16,,4.0,1,210,7,2,2.0,1,328,5.0,2,41,Q16 - Q20
936,1,2,1,1.0,4.0,1,219,7,1,5.0,1,14,8.0,2,114,Q16 - Q20
937,3,1,11,12.0,4.0,7,39,1,2,,3,18,4.0,2,100,Q16 - Q20
938,6,1,5,7.0,3.0,8,116,2,3,2.0,1,23,3.0,4,73,Q21 - Q30
939,6,1,1,8.0,6.0,5,268,1,3,5.0,1,150,4.0,1,40,Q10 - Q15
940,3,1,4,13.0,3.0,5,55,4,5,5.0,1,7,1.0,1,77,Menos de Q10
941,3,1,4,13.0,9.0,46,209,1,5,5.0,3,103,8.0,1,109,Q16 - Q20
942,2,2,1,1.0,5.0,8,182,4,5,5.0,3,11,6.0,3,10,Q10 - Q15
943,6,2,1,1.0,7.0,9,365,4,3,5.0,4,12,4.0,1,96,Más de Q30
944,4,1,1,6.0,4.0,8,39,7,5,3.0,3,41,9.0,3,120,Q21 - Q30
945,2,1,3,4.0,9.0,8,12,4,4,5.0,2,28,3.0,2,48,Q16 - Q20
946,4,2,5,32.0,8.0,8,59,3,2,3.0,3,63,4.0,1,43,Q16 - Q20
947,3,2,5,16.0,2.0,8,84,4,3,5.0,1,329,4.0,1,16,Q16 - Q20
948,4,2,9,19.0,9.0,2,280,3,3,2.0,1,330,6.0,3,40,Q16 - Q20
949,6,2,14,23.0,2.0,9,366,7,2,2.0,4,34,7.0,1,3,Q10 - Q15
950,3,1,21,1.0,4.0,9,27,6,3,5.0,3,12,7.0,4,36,Q16 - Q20
951,4,1,1,3.0,9.0,5,367,7,3,3.0,3,56,7.0,3,7,Q10 - Q15
952,3,2,4,,4.0,1,368,7,2,5.0,4,52,8.0,2,71,Q10 - Q15
953,1,1,4,13.0,5.0,3,369,5,2,5.0,1,28,5.0,1,116,Q16 - Q20
954,2,2,3,4.0,2.0,8,6,4,3,1.0,1,11,3.0,1,38,Q10 - Q15
955,1,2,6,19.0,4.0,5,246,6,3,3.0,4,11,8.0,1,47,Q21 - Q30
956,2,2,3,10.0,7.0,9,370,1,3,2.0,1,28,4.0,4,3,Q10 - Q15
957,4,2,22,19.0,5.0,22,371,3,5,2.0,2,14,6.0,1,44,Q16 - Q20
958,1,1,1,8.0,4.0,8,31,7,2,2.0,3,331,8.0,1,114,Q16 - Q20
959,3,2,1,3.0,8.0,7,372,3,3,,3,22,4.0,3,12,Q16 - Q20
960,4,1,1,3.0,9.0,9,55,2,4,6.0,5,86,8.0,2,121,Q16 - Q20
961,2,1,1,8.0,4.0,2,41,3,3,5.0,3,28,5.0,2,5,Q16 - Q20
962,4,1,19,26.0,4.0,1,283,4,1,6.0,3,332,3.0,1,25,Q10 - Q15
963,4,1,4,29.0,9.0,8,373,5,4,2.0,3,333,3.0,3,4,
964,4,1,1,20.0,5.0,5,173,2,2,5.0,1,334,5.0,1,15,Q10 - Q15
965,4,2,16,12.0,7.0,9,11,3,2,4.0,1,28,8.0,2,47,Q16 - Q20
966,4,1,4,29.0,3.0,7,31,7,3,2.0,3,335,3.0,2,41,Q10 - Q15
967,2,2,5,32.0,4.0,25,79,4,3,2.0,2,336,9.0,3,72,Q10 - Q15
968,5,2,14,23.0,4.0,5,374,3,1,2.0,2,337,4.0,1,29,Q16 - Q20
969,3,1,1,6.0,5.0,17,11,7,4,5.0,1,136,3.0,1,23,Más de Q30
970,4,1,14,17.0,6.0,19,5,7,2,3.0,1,338,5.0,3,13,Q21 - Q30
971,3,1,1,6.0,4.0,1,337,2,2,5.0,2,215,6.0,4,89,Q21 - Q30
972,2,2,1,1.0,9.0,4,135,5,3,2.0,1,295,6.0,2,23,Q16 - Q20
973,5,2,1,8.0,4.0,22,5,4,1,5.0,2,9,5.0,3,31,Q16 - Q20
974,6,1,20,27.0,4.0,45,12,5,3,5.0,2,12,2.0,3,70,Q16 - Q20
975,4,2,1,3.0,9.0,7,375,5,2,2.0,3,6,6.0,4,36,Q16 - Q20
976,3,2,1,8.0,4.0,8,376,5,1,5.0,1,317,6.0,1,82,Q16 - Q20
977,4,1,13,15.0,8.0,17,377,3,5,2.0,3,80,6.0,1,23,Q21 - Q30
978,2,2,1,6.0,4.0,1,93,7,3,5.0,1,34,8.0,1,112,Q10 - Q15
979,2,1,3,22.0,4.0,9,378,4,2,2.0,4,202,2.0,2,106,Q10 - Q15
980,6,1,23,34.0,3.0,7,8,7,1,4.0,5,339,3.0,4,63,Q21 - Q30
981,3,2,1,8.0,4.0,9,11,1,2,1.0,1,340,6.0,1,73,Q16 - Q20
982,4,2,8,37.0,3.0,11,11,3,1,2.0,1,28,3.0,2,75,Menos de Q10
983,5,2,1,6.0,7.0,2,339,3,2,2.0,3,7,9.0,1,16,Más de Q30
984,5,1,1,3.0,3.0,9,39,3,3,2.0,2,6,8.0,2,113,Q10 - Q15
985,1,1,1,3.0,9.0,52,49,4,2,2.0,1,74,9.0,1,13,Q10 - Q15
986,3,2,20,12.0,6.0,7,78,7,2,1.0,3,121,9.0,1,19,Q21 - Q30
987,5,2,1,8.0,3.0,9,25,7,2,2.0,1,122,7.0,2,21,Q16 - Q20
988,1,1,1,,3.0,7,140,5,2,1.0,3,34,6.0,3,98,Q21 - Q30
989,2,2,9,19.0,8.0,1,379,6,1,2.0,3,7,9.0,3,85,Q21 - Q30
990,4,2,2,,8.0,8,47,5,2,5.0,4,341,5.0,1,83,Q16 - Q20
991,2,2,11,,3.0,17,11,3,1,2.0,3,7,5.0,2,24,Más de Q30
992,2,2,1,3.0,2.0,22,165,3,3,2.0,1,11,8.0,2,34,Q16 - Q20
993,4,1,3,22.0,3.0,3,261,5,4,5.0,1,342,9.0,3,11,Q21 - Q30
994,1,2,1,,3.0,8,380,5,3,5.0,3,6,2.0,1,41,Q16 - Q20
995,6,2,1,8.0,4.0,2,219,3,4,2.0,4,30,3.0,3,81,Menos de Q10
996,2,2,3,10.0,4.0,54,381,4,3,2.0,5,184,3.0,1,87,Menos de Q10
997,3,2,5,16.0,9.0,9,382,3,4,3.0,2,11,3.0,2,89,Q21 - Q30
998,5,1,3,22.0,2.0,3,11,7,1,1.0,1,201,6.0,2,21,Q10 - Q15
999,3,2,1,1.0,2.0,1,383,6,1,5.0,3,11,6.0,4,98,Q21 - Q30
1000,1,2,11,19.0,3.0,7,125,5,3,3.0,2,11,3.0,2,103,Q10 - Q15
1001,4,1,4,13.0,2.0,17,105,3,3,2.0,3,6,6.0,3,67,Q10 - Q15
1002,4,3,1,8.0,3.0,4,208,3,3,1.0,3,45,9.0,4,18,Q21 - Q30
1003,3,2,1,6.0,5.0,5,339,5,2,5.0,3,290,8.0,1,95,Q16 - Q20
1004,6,2,13,25.0,6.0,22,105,3,2,5.0,1,4,2.0,4,23,Q21 - Q30
1005,5,2,15,24.0,2.0,7,6,1,1,4.0,2,99,9.0,1,23,Q16 - Q20
1006,6,2,18,12.0,5.0,8,18,2,1,4.0,3,343,3.0,2,53,Más de Q30
1007,3,2,15,24.0,4.0,8,47,7,1,5.0,1,134,5.0,2,16,Q16 - Q20
1008,2,1,1,3.0,5.0,8,135,3,1,5.0,1,344,5.0,3,88,Q21 - Q30
1009,5,1,18,12.0,3.0,2,47,2,3,5.0,5,9,5.0,1,34,Q10 - Q15
1010,1,1,1,1.0,8.0,26,170,7,1,6.0,3,224,5.0,1,37,Q21 - Q30
1011,4,2,1,6.0,4.0,7,10,2,3,1.0,3,92,6.0,1,71,Q10 - Q15
1012,1,2,2,19.0,4.0,3,384,7,1,5.0,3,34,1.0,4,43,Q21 - Q30
1013,6,1,3,22.0,2.0,1,30,4,4,5.0,3,12,9.0,1,48,Q21 - Q30
1014,5,1,9,19.0,4.0,5,18,2,3,3.0,2,345,4.0,1,39,Q21 - Q30
1015,4,2,1,3.0,6.0,3,173,2,2,2.0,5,9,2.0,2,16,Q21 - Q30
1016,3,2,14,18.0,2.0,22,11,3,1,5.0,3,346,3.0,1,73,Q21 - Q30
1017,5,2,20,12.0,5.0,9,64,7,4,1.0,1,9,4.0,1,110,Q16 - Q20
1018,4,2,1,1.0,9.0,9,385,3,4,3.0,3,302,1.0,2,97,Más de Q30
1019,4,1,14,17.0,3.0,4,39,4,4,2.0,1,127,4.0,2,113,Q16 - Q20
1020,4,1,3,4.0,3.0,6,4,2,5,3.0,3,42,8.0,1,61,Q10 - Q15
1021,2,2,5,7.0,5.0,9,386,4,5,2.0,1,22,5.0,2,5,Q10 - Q15
1022,2,1,3,4.0,3.0,2,52,4,2,1.0,1,9,5.0,2,84,Más de Q30
1023,2,1,3,10.0,6.0,7,41,7,3,5.0,4,233,7.0,1,16,Menos de Q10
1024,5,1,22,19.0,9.0,7,54,5,2,2.0,3,202,5.0,1,63,Q16 - Q20
1025,3,3,3,22.0,6.0,22,387,4,4,6.0,3,74,3.0,2,31,Q21 - Q30
1026,1,2,5,16.0,9.0,9,18,4,3,2.0,1,19,3.0,3,111,Q10 - Q15
1027,3,2,1,1.0,4.0,8,63,5,4,5.0,1,115,3.0,2,119,Q21 - Q30
1028,6,1,1,8.0,5.0,9,388,3,3,2.0,1,36,9.0,3,75,Q16 - Q20
1029,4,1,22,28.0,8.0,3,6,6,4,2.0,4,347,1.0,1,27,Q10 - Q15
1030,5,2,1,6.0,3.0,7,7,5,3,5.0,1,11,1.0,3,114,Q10 - Q15
1031,4,2,1,1.0,9.0,22,135,3,2,2.0,1,80,5.0,2,118,Q10 - Q15
1032,2,1,1,1.0,3.0,7,11,7,2,1.0,2,109,7.0,1,120,Menos de Q10
1033,6,1,1,8.0,5.0,22,389,2,4,5.0,3,25,5.0,2,38,Q16 - Q20
1034,5,1,5,32.0,7.0,27,8,6,3,2.0,1,4,3.0,1,58,Q10 - Q15
1035,4,1,1,1.0,4.0,7,32,6,2,3.0,2,127,6.0,4,65,Q10 - Q15
1036,2,1,3,22.0,6.0,7,390,5,3,3.0,3,43,5.0,1,112,Menos de Q10
1037,5,2,1,3.0,4.0,49,1,4,2,5.0,3,34,8.0,2,36,Q10 - Q15
1038,4,1,14,23.0,3.0,9,6,1,1,4.0,4,52,6.0,2,92,Q16 - Q20
1039,5,2,17,38.0,7.0,9,6,4,1,5.0,1,332,2.0,2,9,Q16 - Q20
1040,2,1,14,17.0,8.0,3,141,5,5,5.0,2,212,5.0,1,13,Menos de Q10
1041,2,2,1,20.0,7.0,1,224,4,2,4.0,3,247,9.0,1,73,Q21 - Q30
1042,5,1,3,22.0,9.0,8,31,4,3,5.0,3,6,1.0,1,80,Q16 - Q20
1043,1,2,1,,4.0,7,182,7,3,2.0,3,61,,1,59,Menos de Q10
1044,4,2,1,1.0,8.0,9,391,3,3,5.0,1,348,2.0,2,96,Q21 - Q30
1045,6,1,4,29.0,4.0,1,30,4,4,5.0,3,349,5.0,2,4,Q10 - Q15
1046,2,1,8,37.0,1.0,3,6,3,3,4.0,1,331,4.0,2,19,Q10 - Q15
1047,2,1,8,12.0,6.0,22,53,3,2,2.0,1,333,7.0,2,95,Q16 - Q20
1048,4,2,4,29.0,4.0,7,39,6,3,2.0,3,168,3.0,4,24,Q21 - Q30
1049,2,1,14,23.0,4.0,4,392,3,2,5.0,1,122,3.0,2,82,Q16 - Q20
1050,2,1,16,19.0,3.0,7,78,5,2,4.0,1,145,3.0,2,113,Q10 - Q15
1051,4,1,1,20.0,3.0,8,5,4,4,1.0,3,350,2.0,1,66,Q21 - Q30
1052,5,1,1,6.0,8.0,16,6,3,1,2.0,4,11,6.0,3,77,
1053,5,1,16,12.0,4.0,7,348,7,2,5.0,2,45,3.0,1,72,Q16 - Q20
1054,2,1,1,6.0,4.0,7,393,3,1,5.0,1,38,5.0,1,49,Q10 - Q15
1055,4,1,19,12.0,4.0,5,11,3,2,4.0,3,38,3.0,4,121,Q16 - Q20
1056,4,1,1,20.0,6.0,8,339,2,4,2.0,3,142,5.0,2,116,Q16 - Q20
1057,1,2,1,6.0,6.0,1,39,7,1,5.0,2,351,8.0,4,28,Q21 - Q30
1058,4,1,1,1.0,3.0,7,31,3,1,1.0,3,13,2.0,4,69,Q10 - Q15
1059,3,2,1,20.0,9.0,5,394,4,2,2.0,4,45,8.0,1,38,Q10 - Q15
1060,4,2,1,20.0,4.0,7,5,4,4,5.0,4,45,3.0,4,23,Q21 - Q30
1061,5,1,1,,3.0,9,59,6,3,1.0,3,25,1.0,3,66,Q16 - Q20
1062,2,1,1,6.0,1.0,7,383,6,1,5.0,3,272,2.0,2,81,Q10 - Q15
1063,2,1,1,1.0,5.0,5,306,2,1,1.0,1,268,4.0,2,25,Q16 - Q20
1064,2,1,1,3.0,4.0,5,4,6,3,1.0,3,12,5.0,3,41,Q21 - Q30
1065,4,2,1,1.0,4.0,3,106,3,2,1.0,4,71,8.0,2,101,Q10 - Q15
1066,4,1,1,20.0,4.0,9,348,4,2,4.0,3,50,6.0,1,96,Q10 - Q15
1067,5,1,14,18.0,6.0,1,55,7,2,5.0,1,45,5.0,3,5,Q16 - Q20
1068,2,1,5,7.0,7.0,8,11,5,2,5.0,1,12,3.0,1,85,Q16 - Q20
1069,4,1,1,1.0,8.0,7,395,2,3,5.0,3,296,6.0,2,117,Q16 - Q20
1070,4,2,1,20.0,4.0,8,396,5,1,2.0,4,124,8.0,1,101,Q21 - Q30
1071,3,1,4,31.0,7.0,7,224,3,3,5.0,1,149,,2,42,Q16 - Q20
1072,6,1,1,6.0,9.0,1,12,2,1,5.0,2,332,5.0,1,32,Q16 - Q20
1073,2,1,5,32.0,4.0,5,397,5,2,5.0,3,25,5.0,2,93,Q10 - Q15
1074,6,1,4,5.0,9.0,1,11,4,2,3.0,3,352,3.0,3,52,Q21 - Q30
1075,1,2,4,31.0,5.0,22,8,3,1,4.0,2,54,3.0,1,67,Más de Q30
1076,4,1,1,8.0,6.0,20,398,5,4,1.0,3,34,4.0,2,70,Q21 - Q30
1077,4,1,1,20.0,7.0,9,73,1,1,2.0,1,157,9.0,3,12,Q10 - Q15
1078,6,1,1,6.0,3.0,7,64,3,2,5.0,1,353,5.0,2,57,Menos de Q10
1079,3,2,1,3.0,6.0,8,52,5,1,2.0,4,345,3.0,1,94,Q10 - Q15
1080,3,2,14,18.0,3.0,5,399,4,1,2.0,2,6,3.0,1,44,Q16 - Q20
1081,1,2,1,6.0,8.0,7,182,7,2,3.0,3,354,1.0,1,60,Menos de Q10
1082,3,1,1,8.0,4.0,8,182,1,5,2.0,3,19,3.0,4,38,Q16 - Q20
1083,6,2,4,5.0,4.0,1,400,1,2,2.0,3,28,6.0,1,90,Q10 - Q15
1084,4,2,1,6.0,4.0,9,153,2,1,5.0,4,355,3.0,2,69,Q16 - Q20
1085,2,2,13,15.0,9.0,1,39,5,2,2.0,3,356,6.0,2,11,Q21 - Q30
1086,4,1,1,6.0,4.0,7,11,2,3,4.0,2,316,6.0,4,71,Q10 - Q15
1087,2,1,12,12.0,5.0,22,173,5,1,1.0,1,357,6.0,1,46,Q21 - Q30
1088,4,2,1,20.0,3.0,5,6,3,1,5.0,4,358,8.0,4,53,Q10 - Q15
1089,4,2,1,1.0,3.0,1,135,5,2,3.0,3,359,8.0,1,108,Q16 - Q20
1090,3,3,1,6.0,8.0,8,6,6,1,6.0,1,34,6.0,2,116,Q10 - Q15
1091,3,1,13,15.0,3.0,7,401,4,2,4.0,3,192,4.0,4,114,Q21 - Q30
1092,5,2,1,1.0,2.0,7,398,3,3,1.0,4,25,3.0,1,4,Q21 - Q30
1093,2,1,1,3.0,4.0,7,398,2,2,4.0,3,89,3.0,4,61,Más de Q30
1094,6,2,17,12.0,3.0,55,6,7,3,2.0,1,6,3.0,1,60,Más de Q30
1095,2,1,1,3.0,4.0,9,56,5,1,2.0,3,7,6.0,2,40,Q16 - Q20
1096,4,2,3,22.0,4.0,9,402,3,3,2.0,3,25,6.0,2,63,Q16 - Q20
1097,2,1,14,23.0,3.0,1,106,2,4,4.0,3,11,6.0,3,107,Más de Q30
1098,4,2,5,,4.0,14,403,7,3,3.0,1,252,3.0,1,13,Menos de Q10
1099,6,1,8,37.0,8.0,4,85,4,1,5.0,3,89,4.0,2,40,Q10 - Q15
1100,4,1,1,3.0,2.0,1,59,3,2,4.0,3,298,7.0,4,6,Q16 - Q20
1101,4,2,5,7.0,3.0,2,6,3,3,5.0,1,11,9.0,2,5,Q10 - Q15
1102,2,2,14,23.0,3.0,5,404,5,1,2.0,3,34,8.0,1,113,Q16 - Q20
1103,6,1,4,13.0,4.0,8,269,7,2,1.0,4,257,1.0,2,99,Q21 - Q30
1104,4,2,10,12.0,8.0,5,72,1,2,4.0,3,45,8.0,1,4,Q10 - Q15
1105,3,2,1,8.0,,2,405,4,4,2.0,1,127,6.0,1,22,Menos de Q10
1106,6,1,5,16.0,3.0,4,69,4,1,5.0,3,34,4.0,2,105,Q21 - Q30
1107,6,1,1,3.0,5.0,44,68,1,3,4.0,1,6,5.0,1,23,Q16 - Q20
1108,3,2,1,3.0,4.0,2,406,3,4,5.0,3,6,4.0,4,95,Q16 - Q20
1109,6,2,1,3.0,4.0,7,39,7,4,5.0,4,11,7.0,1,78,Q16 - Q20
1110,5,1,1,8.0,6.0,2,11,2,1,5.0,3,58,9.0,1,15,Q10 - Q15
1111,3,2,1,,5.0,43,11,3,4,5.0,3,360,3.0,4,5,Q21 - Q30
1112,4,1,1,8.0,8.0,7,11,4,3,4.0,3,361,5.0,2,14,Q16 - Q20
1113,2,2,3,22.0,2.0,2,4,1,1,1.0,3,362,5.0,2,89,Q21 - Q30
1114,2,2,1,20.0,6.0,8,39,4,3,1.0,2,20,3.0,1,19,Q16 - Q20
1115,4,2,4,31.0,8.0,8,105,4,1,2.0,3,182,6.0,3,102,Q21 - Q30
1116,4,2,1,20.0,7.0,40,108,4,4,5.0,3,363,4.0,1,101,Q21 - Q30
1117,3,2,5,7.0,5.0,9,4,4,3,2.0,1,28,3.0,1,108,Q21 - Q30
1118,2,1,1,20.0,8.0,3,407,3,4,5.0,5,212,5.0,3,17,Q16 - Q20
1119,5,2,12,12.0,8.0,1,85,5,2,5.0,1,232,4.0,1,93,Q10 - Q15
1120,6,2,3,10.0,3.0,8,408,6,3,2.0,1,83,3.0,2,105,Q10 - Q15
1121,2,1,14,18.0,4.0,2,374,7,1,5.0,3,112,6.0,3,98,Q10 - Q15
1122,4,2,5,32.0,3.0,9,71,3,3,1.0,4,364,7.0,2,3,Q10 - Q15
1123,3,2,1,20.0,3.0,49,173,5,3,3.0,1,365,,3,17,Q16 - Q20
1124,2,2,14,18.0,3.0,8,339,3,3,1.0,3,136,9.0,4,80,Q16 - Q20
1125,2,2,1,8.0,4.0,8,4,4,2,2.0,3,9,3.0,3,15,Q16 - Q20
1126,6,2,1,6.0,6.0,5,3,5,1,2.0,2,80,8.0,2,27,Menos de Q10
1127,6,2,1,20.0,7.0,9,319,3,3,5.0,2,45,8.0,1,98,Menos de Q10
1128,3,2,3,10.0,2.0,1,409,2,5,6.0,1,28,4.0,2,41,Q21 - Q30
1129,3,1,1,3.0,3.0,5,410,3,1,2.0,1,366,4.0,1,23,Q16 - Q20
1130,4,2,6,12.0,8.0,8,55,5,2,4.0,1,12,7.0,1,49,Q16 - Q20
1131,3,1,14,18.0,5.0,5,68,4,3,1.0,2,115,4.0,3,105,Q16 - Q20
1132,4,1,22,28.0,1.0,7,41,4,1,2.0,3,24,5.0,1,9,Q16 - Q20
1133,4,2,1,3.0,4.0,7,411,2,4,5.0,3,153,4.0,4,37,Q16 - Q20
1134,4,1,1,20.0,,3,152,4,3,6.0,3,63,4.0,4,121,Q21 - Q30
1135,3,2,5,7.0,1.0,5,6,7,2,5.0,1,367,7.0,2,49,Q21 - Q30
1136,6,2,10,12.0,2.0,1,4,4,4,3.0,4,324,5.0,4,12,Q16 - Q20
1137,4,2,14,18.0,2.0,5,209,7,3,4.0,3,368,8.0,3,5,Q21 - Q30
1138,3,2,1,1.0,4.0,7,5,3,2,5.0,1,115,2.0,2,77,Q10 - Q15
1139,5,2,5,7.0,3.0,7,18,3,2,3.0,1,16,4.0,3,86,Q16 - Q20
1140,2,2,12,12.0,6.0,9,27,5,3,,3,9,8.0,3,14,Q10 - Q15
1141,2,1,1,6.0,4.0,7,10,3,3,2.0,2,128,7.0,2,97,Q10 - Q15
1142,2,1,7,11.0,4.0,28,32,4,4,2.0,3,186,3.0,1,121,Más de Q30
1143,4,1,19,12.0,4.0,9,49,7,3,5.0,1,135,1.0,1,98,Menos de Q10
1144,2,2,1,1.0,,7,30,4,4,5.0,1,369,5.0,3,112,Q16 - Q20
1145,4,1,2,2.0,4.0,9,348,2,3,2.0,1,12,8.0,1,51,Q16 - Q20
1146,3,2,1,1.0,8.0,5,173,4,3,5.0,1,12,5.0,2,75,Q10 - Q15
1147,3,2,1,20.0,6.0,8,18,4,2,5.0,1,178,1.0,3,14,Q10 - Q15
1148,6,3,3,4.0,8.0,16,39,3,1,2.0,1,363,2.0,1,79,Q16 - Q20
1149,4,1,14,23.0,4.0,14,382,4,2,2.0,3,266,5.0,1,26,Q16 - Q20
1150,1,1,1,20.0,4.0,4,4,3,3,5.0,1,149,3.0,4,39,Q16 - Q20
1151,4,1,19,19.0,4.0,47,168,2,3,5.0,1,11,5.0,1,19,Q10 - Q15
1152,4,2,2,19.0,5.0,5,25,3,1,1.0,1,370,4.0,1,98,Q16 - Q20
1153,4,1,1,20.0,2.0,8,155,1,4,4.0,4,7,3.0,1,56,Q10 - Q15
1154,2,1,1,6.0,6.0,23,11,4,4,2.0,3,25,9.0,1,70,
1155,1,2,14,18.0,3.0,8,71,6,2,2.0,2,371,3.0,2,39,Q10 - Q15
1156,2,1,4,13.0,4.0,1,90,5,3,4.0,3,183,6.0,1,110,Q10 - Q15
1157,2,1,2,12.0,9.0,9,93,3,3,5.0,5,372,6.0,3,31,Menos de Q10
1158,3,2,1,8.0,5.0,5,412,4,1,5.0,1,373,8.0,4,116,Q16 - Q20
1159,4,3,1,1.0,6.0,36,413,3,3,2.0,5,62,6.0,1,12,Q16 - Q20
1160,4,1,1,20.0,4.0,43,18,4,2,4.0,4,34,5.0,3,109,Q10 - Q15
1161,2,1,20,27.0,9.0,7,31,5,3,2.0,1,34,6.0,2,21,Q16 - Q20
1162,5,1,1,6.0,6.0,1,8,4,3,2.0,1,347,3.0,2,45,Q10 - Q15
1163,4,1,8,37.0,4.0,5,414,4,3,1.0,3,24,6.0,1,85,Más de Q30
1164,3,2,23,12.0,3.0,1,141,4,2,3.0,1,34,7.0,3,77,Q10 - Q15
1165,5,3,1,6.0,8.0,7,50,2,2,3.0,3,100,6.0,3,53,Q21 - Q30
1166,5,2,2,12.0,4.0,7,415,2,1,3.0,1,298,2.0,3,79,Q21 - Q30
1167,3,1,5,7.0,4.0,29,31,3,3,5.0,4,11,6.0,3,93,Q10 - Q15
1168,3,2,23,12.0,5.0,5,18,3,2,5.0,1,11,7.0,3,34,Q21 - Q30
1169,3,2,1,6.0,6.0,22,95,1,1,5.0,3,115,3.0,2,61,Q16 - Q20
1170,2,1,5,32.0,6.0,1,10,2,3,3.0,1,25,3.0,1,58,Q16 - Q20
1171,2,1,9,19.0,3.0,56,339,3,2,5.0,2,374,9.0,4,75,Menos de Q10
1172,3,1,14,23.0,2.0,8,14,1,1,2.0,1,126,8.0,3,119,Q21 - Q30
1173,4,1,1,6.0,1.0,8,397,5,2,5.0,3,14,3.0,3,31,Q10 - Q15
1174,2,2,19,19.0,4.0,8,5,7,2,2.0,1,130,6.0,1,119,Q16 - Q20
1175,3,1,1,8.0,8.0,1,416,4,3,5.0,4,175,4.0,1,3,Q10 - Q15
1176,4,2,14,17.0,4.0,7,103,4,4,4.0,3,25,3.0,2,111,Q16 - Q20
1177,6,2,4,29.0,7.0,3,9,3,5,5.0,3,28,5.0,1,100,Q16 - Q20
1178,2,1,4,13.0,8.0,9,165,1,2,2.0,1,247,3.0,3,114,Q10 - Q15
1179,6,1,1,3.0,4.0,4,102,5,1,4.0,3,19,8.0,2,40,Q21 - Q30
1180,1,1,4,31.0,3.0,7,359,2,3,1.0,1,11,3.0,2,70,Q16 - Q20
1181,4,2,11,12.0,4.0,17,5,3,5,4.0,3,6,8.0,2,6,Q21 - Q30
1182,4,2,13,25.0,9.0,3,417,1,1,6.0,3,92,1.0,1,4,Q16 - Q20
1183,3,1,3,10.0,5.0,22,418,5,1,5.0,3,99,3.0,1,80,Menos de Q10
1184,3,2,10,12.0,8.0,22,31,4,4,3.0,1,375,3.0,2,28,Q16 - Q20
1185,4,2,15,12.0,2.0,3,419,3,2,4.0,3,6,5.0,3,64,Q16 - Q20
1186,4,2,4,13.0,8.0,38,4,1,2,3.0,3,100,8.0,2,12,Q10 - Q15
1187,2,2,2,19.0,8.0,5,6,1,2,3.0,3,11,5.0,2,111,Menos de Q10
1188,2,2,1,6.0,1.0,16,420,4,2,2.0,4,12,5.0,4,109,Q10 - Q15
1189,1,1,1,8.0,4.0,1,117,4,2,2.0,3,6,3.0,3,111,Q16 - Q20
1190,3,1,9,12.0,2.0,8,421,5,1,6.0,1,34,3.0,1,16,Q16 - Q20
1191,5,2,1,1.0,3.0,17,11,5,3,2.0,3,11,3.0,1,48,Q10 - Q15
1192,5,2,1,20.0,4.0,9,135,2,2,3.0,1,45,5.0,1,14,Q10 - Q15
1193,2,1,1,3.0,5.0,2,11,5,4,5.0,1,115,6.0,4,104,Q16 - Q20
1194,2,2,1,1.0,4.0,7,5,2,5,6.0,3,78,8.0,2,90,Q10 - Q15
1195,6,2,3,10.0,6.0,8,80,7,3,1.0,1,316,7.0,3,102,Q10 - Q15
1196,6,1,19,19.0,6.0,5,422,4,5,5.0,1,376,8.0,1,34,Q10 - Q15
1197,4,2,1,6.0,3.0,8,39,4,3,6.0,1,377,3.0,1,95,Q21 - Q30
1198,5,1,5,32.0,3.0,32,5,2,2,2.0,1,106,5.0,1,64,Q16 - Q20
1199,2,1,3,4.0,9.0,8,423,5,2,4.0,1,50,5.0,2,94,Q10 - Q15
1200,5,2,1,1.0,4.0,7,424,3,3,1.0,3,89,,4,108,Q16 - Q20
1201,4,1,1,3.0,4.0,7,5,1,3,5.0,4,212,3.0,4,44,Q16 - Q20
1202,3,1,1,1.0,3.0,7,18,1,2,5.0,1,9,3.0,4,63,Q16 - Q20
1203,3,1,1,3.0,4.0,9,425,3,4,5.0,4,34,6.0,4,58,Menos de Q10
1204,4,1,1,8.0,6.0,8,426,5,1,6.0,3,11,8.0,3,116,Menos de Q10
1205,2,1,1,6.0,3.0,8,427,4,4,4.0,3,378,3.0,1,21,Q10 - Q15
1206,2,1,1,1.0,2.0,8,428,4,2,5.0,4,215,6.0,1,65,Menos de Q10
1207,2,1,13,25.0,5.0,9,246,2,3,5.0,3,75,3.0,2,104,Q16 - Q20
1208,1,2,1,6.0,5.0,11,6,5,2,5.0,3,2,6.0,3,81,Más de Q30
1209,4,2,4,13.0,3.0,4,429,4,3,2.0,1,7,6.0,3,16,Más de Q30
1210,2,2,1,1.0,5.0,1,54,4,2,5.0,3,11,9.0,2,3,Q16 - Q20
1211,2,1,1,8.0,6.0,22,6,2,1,1.0,3,115,9.0,2,79,Q16 - Q20
1212,2,1,14,17.0,9.0,3,6,6,3,2.0,3,6,5.0,3,63,Más de Q30
1213,4,1,18,19.0,1.0,1,106,5,1,6.0,2,379,4.0,1,81,Q10 - Q15
1214,6,2,14,23.0,4.0,7,430,5,1,1.0,1,28,3.0,4,3,Q10 - Q15
1215,4,2,4,31.0,1.0,1,11,3,3,5.0,4,138,5.0,3,23,Q16 - Q20
1216,4,1,1,6.0,5.0,7,170,3,4,5.0,2,12,3.0,2,16,Q21 - Q30
1217,1,1,1,8.0,4.0,1,431,2,3,2.0,2,222,8.0,2,22,Q16 - Q20
1218,5,2,9,19.0,1.0,7,432,3,3,5.0,3,25,8.0,1,7,Q16 - Q20
1219,5,1,21,8.0,3.0,7,433,5,1,5.0,1,73,3.0,2,45,Q21 - Q30
1220,2,1,1,20.0,4.0,7,146,7,4,2.0,1,45,3.0,4,45,Menos de Q10
1221,1,2,1,20.0,4.0,9,6,2,4,5.0,3,12,4.0,1,9,Q16 - Q20
1222,4,1,19,19.0,1.0,1,11,1,5,3.0,1,207,4.0,2,59,Q16 - Q20
1223,1,2,19,12.0,6.0,8,11,7,4,2.0,3,34,5.0,2,66,Más de Q30
1224,3,2,3,4.0,3.0,1,434,4,2,5.0,3,9,5.0,1,85,Q21 - Q30
1225,1,2,4,13.0,5.0,8,435,2,3,5.0,1,380,6.0,2,9,Q10 - Q15
1226,1,1,11,19.0,4.0,9,39,6,2,5.0,2,19,1.0,1,107,Q16 - Q20
1227,3,2,1,8.0,4.0,8,436,1,3,2.0,1,7,,1,110,Q10 - Q15
1228,3,2,1,6.0,3.0,7,78,3,2,2.0,3,25,9.0,3,5,Q16 - Q20
1229,3,2,3,10.0,2.0,17,30,4,3,2.0,3,272,4.0,4,24,Q16 - Q20
1230,3,2,1,20.0,9.0,23,1,5,3,2.0,3,381,3.0,4,28,Q16 - Q20
1231,2,2,1,8.0,8.0,7,11,5,4,5.0,1,25,3.0,4,54,Q16 - Q20
1232,6,2,1,8.0,1.0,57,107,2,4,2.0,1,382,3.0,2,92,Q16 - Q20
1233,4,2,1,3.0,4.0,9,235,4,1,2.0,1,55,1.0,3,2,Q10 - Q15
1234,3,2,4,5.0,7.0,22,382,4,3,2.0,1,9,8.0,1,91,Q10 - Q15
1235,4,2,4,31.0,4.0,12,14,6,2,5.0,1,45,5.0,1,7,Q21 - Q30
1236,4,1,1,8.0,3.0,8,171,3,5,5.0,1,383,7.0,3,42,Q16 - Q20
1237,1,2,1,1.0,3.0,22,437,5,5,1.0,3,212,4.0,4,103,
1238,4,1,1,1.0,4.0,22,230,7,4,4.0,3,56,1.0,1,67,Q16 - Q20
1239,4,2,1,,3.0,7,212,2,1,2.0,1,225,8.0,4,51,
1240,6,1,1,1.0,8.0,7,165,1,3,2.0,4,115,8.0,2,46,Q16 - Q20
1241,2,1,14,23.0,3.0,58,363,1,2,5.0,3,247,7.0,1,18,Q21 - Q30
1242,5,1,4,,8.0,36,438,6,1,4.0,3,25,4.0,4,97,Q10 - Q15
1243,5,2,19,19.0,4.0,9,6,7,4,5.0,1,267,8.0,1,9,Q21 - Q30
1244,2,1,1,8.0,4.0,1,53,3,2,5.0,2,165,3.0,1,78,Q16 - Q20
1245,4,2,1,20.0,4.0,9,439,4,3,4.0,1,11,3.0,2,50,Q16 - Q20
1246,6,3,12,12.0,3.0,9,440,4,3,5.0,4,127,3.0,3,57,Q21 - Q30
1247,4,1,8,12.0,4.0,9,441,6,3,1.0,3,12,4.0,3,40,Q16 - Q20
1248,1,2,1,3.0,9.0,1,11,6,2,5.0,3,149,3.0,3,17,Q16 - Q20
1249,2,2,14,17.0,2.0,5,442,3,1,4.0,3,75,5.0,3,34,Q10 - Q15
1250,3,2,1,20.0,3.0,28,389,3,3,4.0,3,86,3.0,2,15,Q10 - Q15
1251,3,1,15,24.0,4.0,8,5,3,2,4.0,3,384,9.0,3,34,Q21 - Q30
1252,1,1,1,6.0,8.0,22,125,5,2,2.0,4,122,6.0,4,28,Q10 - Q15
1253,4,2,1,6.0,6.0,7,125,2,1,2.0,3,28,5.0,2,5,Menos de Q10
1254,3,2,8,19.0,3.0,2,11,5,2,3.0,2,385,4.0,4,50,Q10 - Q15
1255,4,2,1,6.0,2.0,19,443,5,1,5.0,1,386,5.0,1,59,Más de Q30
1256,5,1,16,12.0,4.0,11,18,7,3,,5,96,6.0,1,66,Q21 - Q30
1257,4,1,13,33.0,5.0,17,41,4,3,2.0,3,34,5.0,1,53,Q10 - Q15
1258,3,2,13,25.0,4.0,9,59,4,1,5.0,1,122,5.0,1,57,Q10 - Q15
1259,4,2,1,20.0,1.0,22,4,3,3,2.0,1,236,5.0,2,80,Q10 - Q15
1260,2,2,16,21.0,2.0,2,5,4,1,4.0,1,16,2.0,1,6,Q16 - Q20
1261,3,1,3,4.0,5.0,1,36,5,1,5.0,1,253,2.0,2,5,Q21 - Q30
1262,4,1,1,1.0,2.0,8,444,3,1,5.0,1,224,9.0,2,17,Q21 - Q30
1263,4,1,5,32.0,3.0,2,41,3,2,5.0,3,387,3.0,2,6,Q16 - Q20
1264,6,1,4,31.0,4.0,7,445,1,3,4.0,3,388,8.0,3,104,Q10 - Q15
1265,6,1,3,22.0,2.0,23,11,4,1,5.0,5,389,3.0,3,74,Q10 - Q15
1266,4,1,10,19.0,6.0,22,74,7,1,2.0,2,5,9.0,4,61,Q16 - Q20
1267,3,2,1,1.0,5.0,5,13,1,1,,1,9,5.0,2,60,Q10 - Q15
1268,5,2,4,5.0,9.0,21,446,6,1,2.0,1,14,9.0,4,27,Q16 - Q20
1269,4,2,18,39.0,4.0,28,39,4,2,4.0,5,390,6.0,3,80,Q21 - Q30
1270,6,1,4,29.0,4.0,53,41,2,4,5.0,3,45,1.0,4,121,Más de Q30
1271,2,2,12,19.0,9.0,4,65,6,2,3.0,3,391,7.0,3,35,Menos de Q10
1272,2,1,1,3.0,3.0,17,101,5,4,4.0,1,392,3.0,1,81,Q21 - Q30
1273,2,1,1,3.0,3.0,9,68,4,1,6.0,1,167,3.0,3,82,Q16 - Q20
1274,4,1,14,18.0,4.0,8,447,4,3,4.0,2,45,3.0,1,55,Q21 - Q30
1275,6,1,4,29.0,3.0,1,448,6,5,1.0,3,393,6.0,4,7,Q21 - Q30
1276,5,1,19,12.0,6.0,7,27,7,3,5.0,5,62,6.0,4,68,Q10 - Q15
1277,3,2,1,8.0,2.0,8,6,7,2,5.0,4,318,3.0,3,105,Q10 - Q15
1278,2,1,1,,4.0,5,233,2,3,2.0,1,9,2.0,2,62,Q21 - Q30
1279,2,2,22,12.0,4.0,5,6,4,2,4.0,1,394,4.0,3,27,Q21 - Q30
1280,1,1,1,1.0,4.0,8,449,3,1,1.0,3,34,5.0,2,95,Q10 - Q15
1281,3,2,14,17.0,4.0,7,79,5,3,5.0,3,273,4.0,3,69,Q21 - Q30
1282,3,2,1,6.0,3.0,9,63,4,4,2.0,4,94,5.0,4,93,Q10 - Q15
1283,3,1,2,,4.0,7,6,4,4,2.0,3,45,6.0,1,116,Q10 - Q15
1284,4,1,1,6.0,9.0,8,5,3,2,2.0,1,18,5.0,2,93,Q16 - Q20
1285,6,2,3,22.0,4.0,5,450,3,4,2.0,4,171,5.0,1,61,Q21 - Q30
1286,4,1,1,20.0,5.0,21,451,3,2,3.0,1,28,9.0,4,41,Q10 - Q15
1287,5,1,13,,6.0,1,299,3,1,2.0,3,395,8.0,3,36,Q10 - Q15
1288,4,2,3,4.0,6.0,1,241,7,3,4.0,3,198,7.0,4,91,Q16 - Q20
1289,4,2,1,20.0,4.0,31,53,3,2,5.0,1,396,6.0,2,66,Q16 - Q20
1290,3,1,14,18.0,4.0,9,11,5,2,4.0,3,12,6.0,4,17,Q21 - Q30
1291,2,1,1,1.0,4.0,22,6,7,3,2.0,1,28,8.0,1,85,Q10 - Q15
1292,1,2,3,10.0,5.0,2,27,2,2,5.0,3,6,5.0,1,44,Q21 - Q30
1293,3,2,1,3.0,9.0,4,5,2,1,2.0,3,397,6.0,2,44,Q16 - Q20
1294,6,1,2,19.0,4.0,3,173,3,2,4.0,3,28,5.0,4,85,Q10 - Q15
1295,6,2,5,16.0,3.0,1,24,3,3,4.0,1,168,3.0,1,47,Q16 - Q20
1296,4,1,1,6.0,3.0,8,343,4,5,5.0,1,155,3.0,1,85,Q21 - Q30
1297,2,2,1,8.0,9.0,2,173,1,3,4.0,1,398,7.0,1,3,Q16 - Q20
1298,2,2,1,1.0,4.0,3,11,4,4,4.0,1,12,3.0,2,121,Menos de Q10
1299,4,1,15,19.0,9.0,2,182,7,2,2.0,3,266,8.0,1,97,Q21 - Q30
1300,4,1,1,6.0,3.0,8,235,5,4,6.0,3,45,3.0,1,104,Q16 - Q20
1301,2,2,1,20.0,3.0,47,452,2,5,3.0,3,6,4.0,3,102,Q10 - Q15
1302,3,1,5,16.0,3.0,8,6,1,2,5.0,3,9,5.0,1,36,Q10 - Q15
1303,4,1,2,19.0,4.0,7,18,3,4,3.0,5,345,9.0,2,57,Q21 - Q30
1304,2,2,13,15.0,7.0,8,167,3,4,2.0,1,396,8.0,1,55,Q16 - Q20
1305,6,2,23,19.0,6.0,2,39,3,3,2.0,5,399,5.0,2,23,Q16 - Q20
1306,3,3,1,6.0,4.0,9,5,4,2,4.0,1,9,7.0,2,15,Q16 - Q20
1307,2,1,21,3.0,4.0,38,41,7,2,5.0,3,176,2.0,4,86,Q10 - Q15
1308,4,2,1,8.0,3.0,29,453,7,4,5.0,4,45,6.0,2,3,Q21 - Q30
1309,5,2,1,8.0,8.0,5,6,3,4,5.0,3,400,3.0,3,40,Menos de Q10
1310,5,2,3,10.0,7.0,8,454,3,1,2.0,1,349,9.0,2,2,Menos de Q10
1311,2,2,14,18.0,2.0,7,182,1,1,3.0,1,7,7.0,3,105,Q16 - Q20
1312,3,1,1,20.0,5.0,5,455,4,2,5.0,1,45,9.0,2,110,Q10 - Q15
1313,2,1,9,19.0,8.0,7,456,2,2,5.0,4,332,6.0,1,39,Q21 - Q30
1314,4,1,1,20.0,3.0,9,39,4,1,6.0,2,197,5.0,3,44,Más de Q30
1315,4,1,1,6.0,6.0,1,11,4,3,2.0,1,253,5.0,3,75,Q16 - Q20
1316,6,1,1,3.0,,7,4,4,2,3.0,1,2,3.0,4,99,Q21 - Q30
1317,1,1,4,29.0,,17,11,3,4,3.0,5,6,3.0,4,101,Q16 - Q20
1318,2,2,14,23.0,5.0,2,182,1,3,5.0,3,401,8.0,4,51,Q16 - Q20
1319,2,2,1,1.0,7.0,7,457,2,1,5.0,2,115,3.0,2,37,Q21 - Q30
1320,6,2,4,5.0,4.0,7,5,6,2,4.0,4,28,4.0,1,27,Q10 - Q15
1321,3,2,1,6.0,6.0,1,458,3,4,2.0,4,34,8.0,4,5,Q10 - Q15
1322,5,1,1,20.0,3.0,49,27,3,2,5.0,1,192,1.0,4,73,Q10 - Q15
1323,2,2,1,1.0,5.0,7,161,3,2,5.0,3,11,7.0,1,80,Q10 - Q15
1324,6,1,1,3.0,4.0,8,85,3,3,1.0,3,212,9.0,2,29,Menos de Q10
1325,5,2,1,3.0,4.0,5,210,4,3,2.0,1,9,3.0,3,24,Q10 - Q15
1326,4,1,3,22.0,4.0,4,66,3,5,1.0,3,25,1.0,1,58,Q21 - Q30
1327,3,1,7,11.0,4.0,5,11,2,3,5.0,2,38,3.0,1,62,Q21 - Q30
1328,4,2,1,1.0,4.0,4,41,4,3,5.0,5,155,5.0,3,5,Q21 - Q30
1329,3,2,10,19.0,4.0,8,448,3,5,2.0,3,25,5.0,2,41,Q10 - Q15
1330,1,2,4,13.0,5.0,3,93,3,2,5.0,3,11,8.0,4,39,Q21 - Q30
1331,6,1,3,4.0,2.0,1,173,5,3,2.0,3,10,6.0,2,1,Menos de Q10
1332,1,1,1,1.0,8.0,5,459,5,3,5.0,3,11,3.0,3,40,Q16 - Q20
1333,5,2,1,8.0,4.0,8,11,4,2,5.0,3,44,4.0,1,68,Q16 - Q20
1334,3,1,1,3.0,2.0,44,135,2,5,4.0,1,12,7.0,1,42,Q10 - Q15
1335,4,1,14,17.0,4.0,8,54,3,4,5.0,3,78,3.0,1,17,Más de Q30
1336,6,2,4,5.0,4.0,9,31,2,3,5.0,3,247,7.0,1,44,Q10 - Q15
1337,2,1,15,,4.0,9,41,1,4,2.0,1,201,3.0,4,47,Q21 - Q30
1338,4,1,1,1.0,3.0,5,460,7,2,5.0,1,34,4.0,1,70,Q21 - Q30
1339,2,1,1,20.0,4.0,9,6,6,3,2.0,2,250,8.0,1,23,Q16 - Q20
1340,6,2,1,6.0,,7,66,1,2,5.0,2,68,9.0,3,57,Q16 - Q20
1341,5,1,14,23.0,2.0,22,11,1,1,5.0,4,11,9.0,1,86,Q16 - Q20
1342,4,2,12,35.0,3.0,22,461,2,2,2.0,1,68,3.0,3,97,Q21 - Q30
1343,4,2,1,3.0,3.0,7,6,5,1,4.0,3,4,8.0,1,101,Q21 - Q30
1344,3,1,1,1.0,2.0,2,293,5,1,3.0,2,6,5.0,2,79,Q10 - Q15
1345,6,2,3,10.0,4.0,8,232,2,4,4.0,1,56,6.0,4,93,Q10 - Q15
1346,3,1,14,23.0,8.0,8,182,2,1,5.0,1,7,7.0,3,101,Q21 - Q30
1347,5,3,3,4.0,4.0,8,11,7,3,2.0,4,402,5.0,1,22,Q21 - Q30
1348,5,2,5,16.0,4.0,7,92,5,3,5.0,2,9,5.0,1,61,Menos de Q10
1349,5,2,16,19.0,8.0,5,462,4,1,6.0,1,45,3.0,4,105,Q16 - Q20
1350,1,2,14,18.0,4.0,23,18,4,3,2.0,4,12,2.0,1,42,Más de Q30
1351,6,2,1,1.0,7.0,5,164,6,2,3.0,3,403,5.0,1,24,Q10 - Q15
1352,4,2,1,1.0,7.0,1,32,4,1,5.0,4,320,3.0,3,53,Q21 - Q30
1353,3,2,1,1.0,7.0,8,463,5,2,5.0,4,404,2.0,4,105,Q16 - Q20
1354,6,1,1,20.0,3.0,8,464,4,4,6.0,1,206,3.0,4,84,Q21 - Q30
1355,6,1,1,6.0,6.0,21,4,2,2,1.0,3,61,4.0,1,98,Q16 - Q20
1356,3,2,1,1.0,3.0,9,214,7,1,3.0,3,405,7.0,2,82,Menos de Q10
1357,4,1,14,18.0,4.0,22,231,3,3,5.0,3,9,3.0,2,42,Q21 - Q30
1358,2,1,12,19.0,4.0,1,465,4,5,2.0,3,347,4.0,2,119,Q16 - Q20
1359,2,2,1,1.0,8.0,2,466,6,3,2.0,3,14,3.0,4,110,Q10 - Q15
1360,2,2,3,4.0,9.0,8,467,5,2,3.0,3,406,2.0,1,64,Q10 - Q15
1361,3,1,1,6.0,4.0,3,406,4,2,2.0,2,14,8.0,1,63,Q21 - Q30
1362,4,1,1,3.0,8.0,22,327,5,1,6.0,3,9,5.0,1,87,Q16 - Q20
1363,6,2,14,17.0,8.0,8,85,3,5,5.0,1,11,9.0,2,23,Menos de Q10
1364,4,1,1,6.0,4.0,8,93,4,2,5.0,3,19,1.0,2,54,Q21 - Q30
1365,4,2,3,22.0,4.0,8,18,7,1,5.0,2,25,5.0,1,10,Q10 - Q15
1366,4,2,4,29.0,7.0,21,39,3,1,1.0,1,57,5.0,3,118,Q16 - Q20
1367,4,2,1,3.0,4.0,2,468,5,2,4.0,1,61,3.0,2,63,Q10 - Q15
1368,4,2,1,1.0,3.0,9,22,4,2,2.0,1,399,7.0,2,49,Q10 - Q15
1369,4,2,8,37.0,5.0,3,469,2,1,2.0,1,165,7.0,2,8,Q10 - Q15
1370,2,1,4,31.0,4.0,40,5,5,2,4.0,3,390,1.0,3,7,Q16 - Q20
1371,4,1,1,3.0,4.0,7,470,7,1,2.0,3,407,3.0,3,21,Menos de Q10
1372,4,2,18,39.0,6.0,17,6,6,2,2.0,3,408,8.0,2,59,Q10 - Q15
1373,5,2,1,3.0,6.0,3,39,5,3,1.0,2,11,7.0,1,73,Menos de Q10
1374,3,2,9,30.0,4.0,3,5,4,1,2.0,3,9,8.0,2,111,Q16 - Q20
1375,6,1,4,13.0,4.0,7,471,3,4,3.0,4,204,3.0,2,39,Q16 - Q20
1376,4,1,23,34.0,8.0,7,25,4,2,1.0,1,14,8.0,2,30,Q10 - Q15
1377,1,3,14,18.0,4.0,8,5,2,1,2.0,1,47,2.0,2,77,Q21 - Q30
1378,2,2,3,10.0,4.0,2,53,7,4,5.0,3,409,2.0,1,20,Q10 - Q15
1379,6,1,23,12.0,3.0,1,39,3,1,1.0,3,34,3.0,1,82,Q16 - Q20
1380,4,1,4,5.0,4.0,9,165,4,3,4.0,3,363,5.0,3,102,Más de Q30
1381,3,2,11,14.0,4.0,9,41,2,4,5.0,3,6,6.0,1,52,Q10 - Q15
1382,3,1,17,38.0,6.0,8,339,3,5,2.0,3,92,8.0,2,82,Q16 - Q20
1383,2,1,1,8.0,7.0,27,6,3,5,3.0,3,28,6.0,3,107,Q10 - Q15
1384,5,1,6,12.0,2.0,22,472,2,4,2.0,1,6,7.0,1,100,Q10 - Q15
1385,6,2,1,20.0,4.0,2,11,3,3,1.0,3,168,7.0,1,111,Q21 - Q30
1386,3,1,1,6.0,3.0,8,12,2,2,2.0,2,85,4.0,3,113,Q21 - Q30
1387,6,1,17,19.0,4.0,41,41,2,4,5.0,1,109,5.0,1,16,Q16 - Q20
1388,4,1,1,20.0,8.0,3,59,4,3,2.0,3,366,1.0,1,58,Q10 - Q15
1389,5,3,1,1.0,6.0,7,89,1,2,6.0,3,7,4.0,1,76,Q10 - Q15
1390,5,2,5,32.0,7.0,1,233,2,3,3.0,1,410,1.0,1,13,Menos de Q10
1391,2,1,9,12.0,4.0,2,322,4,2,5.0,1,9,3.0,3,68,Q16 - Q20
1392,6,1,1,1.0,8.0,5,5,1,3,1.0,3,154,9.0,1,79,Q21 - Q30
1393,4,2,6,19.0,6.0,2,85,3,4,1.0,2,135,3.0,3,121,Q10 - Q15
1394,2,2,1,8.0,3.0,8,6,4,3,5.0,4,45,5.0,3,68,Q16 - Q20
1395,2,1,1,3.0,4.0,2,197,5,3,2.0,1,29,8.0,4,80,Q21 - Q30
1396,5,1,3,22.0,5.0,8,11,4,3,2.0,3,6,8.0,1,23,Q10 - Q15
1397,4,2,1,3.0,5.0,4,348,6,5,2.0,1,201,3.0,1,111,Q10 - Q15
1398,3,1,1,8.0,9.0,40,473,7,4,1.0,1,411,6.0,3,105,Q10 - Q15
1399,2,2,1,6.0,9.0,8,136,1,5,5.0,2,12,3.0,1,100,Q16 - Q20
1400,3,1,5,16.0,4.0,1,6,3,3,5.0,1,6,5.0,1,7,Q10 - Q15
1401,5,1,18,12.0,4.0,5,461,2,3,1.0,3,109,9.0,2,82,Q21 - Q30
1402,3,2,1,20.0,3.0,3,135,4,3,5.0,1,6,4.0,1,59,Q16 - Q20
1403,3,1,1,1.0,5.0,5,474,4,2,6.0,3,200,1.0,3,91,Q10 - Q15
1404,3,1,1,3.0,4.0,8,249,1,2,,1,381,6.0,2,7,Más de Q30
1405,4,1,14,23.0,4.0,51,31,2,1,5.0,1,25,8.0,1,15,Q10 - Q15
1406,2,2,4,13.0,3.0,24,12,4,4,2.0,2,201,2.0,4,47,Q16 - Q20
1407,2,3,22,28.0,4.0,18,173,7,5,5.0,1,80,6.0,1,45,Q16 - Q20
1408,4,1,1,1.0,9.0,3,141,5,4,2.0,1,34,8.0,2,39,Q16 - Q20
1409,2,2,5,,5.0,2,475,1,3,3.0,3,34,3.0,2,56,Q21 - Q30
1410,3,2,1,1.0,4.0,9,436,6,1,4.0,4,197,5.0,3,69,Q10 - Q15
1411,1,2,1,8.0,3.0,8,476,7,3,2.0,3,36,,3,38,Q16 - Q20
1412,4,1,1,1.0,6.0,8,5,3,2,2.0,1,24,1.0,1,8,Q16 - Q20
1413,4,1,1,20.0,4.0,1,11,4,4,2.0,3,412,6.0,2,72,Q16 - Q20
1414,3,1,22,12.0,5.0,9,11,3,2,2.0,5,178,8.0,2,113,Q16 - Q20
1415,3,2,11,14.0,8.0,8,11,1,1,4.0,1,80,3.0,4,76,Más de Q30
1416,1,1,1,3.0,4.0,22,477,4,2,5.0,1,263,9.0,2,52,Q10 - Q15
1417,4,2,20,12.0,8.0,7,303,3,1,3.0,1,225,2.0,1,9,Q10 - Q15
1418,2,1,1,6.0,5.0,7,3,3,2,2.0,4,12,9.0,3,42,Q10 - Q15
1419,6,2,1,1.0,3.0,8,4,2,3,4.0,3,272,5.0,2,53,Q21 - Q30
1420,6,1,1,6.0,3.0,7,299,3,2,2.0,3,201,5.0,1,114,Q10 - Q15
1421,4,1,3,4.0,4.0,8,108,4,3,5.0,2,78,3.0,1,63,Q16 - Q20
1422,2,1,1,1.0,5.0,23,478,3,2,4.0,2,413,2.0,3,12,Q16 - Q20
1423,4,2,1,6.0,4.0,9,39,4,2,3.0,3,332,3.0,3,64,Q21 - Q30
1424,6,1,1,6.0,3.0,8,5,2,2,2.0,1,414,5.0,2,96,Q21 - Q30
1425,4,2,1,8.0,3.0,7,209,5,2,2.0,3,45,2.0,1,88,Q16 - Q20
1426,1,2,10,19.0,6.0,8,4,3,3,2.0,3,75,1.0,4,61,Q16 - Q20
1427,2,2,7,11.0,4.0,3,20,4,3,5.0,1,27,2.0,1,56,Q16 - Q20
1428,3,1,4,5.0,5.0,8,479,3,4,2.0,1,365,5.0,2,32,Q16 - Q20
1429,4,2,5,,4.0,7,274,5,3,5.0,1,7,4.0,3,65,Q10 - Q15
1430,3,3,1,3.0,7.0,37,59,4,1,2.0,3,7,5.0,1,97,Más de Q30
1431,6,1,1,20.0,9.0,16,121,6,3,4.0,1,282,5.0,3,54,Menos de Q10
1432,3,2,1,1.0,5.0,7,11,4,1,5.0,3,415,6.0,1,108,Q16 - Q20
1433,5,2,1,6.0,6.0,9,27,4,2,4.0,3,4,8.0,1,112,Q21 - Q30
1434,4,2,3,22.0,8.0,9,6,4,1,3.0,3,34,3.0,3,22,Q21 - Q30
1435,6,1,5,32.0,4.0,17,480,1,3,5.0,1,202,5.0,2,119,Q16 - Q20
1436,4,1,11,14.0,4.0,8,222,5,3,5.0,3,96,4.0,4,26,Q16 - Q20
1437,3,2,16,21.0,7.0,1,350,4,4,4.0,4,416,9.0,4,57,Q16 - Q20
1438,1,2,1,20.0,8.0,1,352,2,1,6.0,3,32,5.0,2,49,Q16 - Q20
1439,4,1,1,6.0,5.0,7,6,6,2,6.0,2,158,9.0,2,79,Q10 - Q15
1440,3,2,1,8.0,4.0,2,481,3,2,3.0,1,6,3.0,3,80,Q16 - Q20
1441,1,2,1,20.0,3.0,2,11,5,2,4.0,1,347,8.0,4,92,Q10 - Q15
1442,1,1,15,24.0,4.0,4,482,4,2,5.0,3,14,1.0,1,3,Q16 - Q20
1443,2,1,23,34.0,,9,11,7,2,5.0,3,388,4.0,1,14,Más de Q30
1444,6,1,14,17.0,3.0,8,54,1,3,5.0,3,11,6.0,2,30,Q21 - Q30
1445,2,2,3,4.0,4.0,5,233,5,1,1.0,1,124,4.0,2,65,Q16 - Q20
1446,2,2,1,6.0,8.0,5,11,5,4,2.0,1,9,1.0,1,86,Q16 - Q20
1447,4,2,1,20.0,4.0,9,24,2,2,1.0,3,197,6.0,2,58,Más de Q30
1448,4,2,13,25.0,2.0,8,483,7,2,5.0,3,417,5.0,3,37,Q10 - Q15
1449,6,2,4,31.0,5.0,22,484,4,4,3.0,1,67,5.0,2,85,Q10 - Q15
1450,6,1,1,1.0,,5,155,7,1,5.0,5,282,7.0,1,94,Q16 - Q20
1451,2,2,9,12.0,4.0,7,485,3,2,5.0,4,130,8.0,1,77,Q10 - Q15
1452,6,1,1,8.0,4.0,5,45,2,5,2.0,2,418,9.0,2,32,Q16 - Q20
1453,3,1,4,31.0,4.0,5,318,3,1,3.0,4,34,9.0,2,92,Menos de Q10
1454,1,2,20,12.0,7.0,2,41,5,4,2.0,1,43,5.0,1,32,Más de Q30
1455,4,1,18,12.0,8.0,23,368,7,2,6.0,1,150,8.0,4,119,Q16 - Q20
1456,4,2,16,19.0,1.0,8,144,5,4,5.0,1,9,9.0,1,104,Q16 - Q20
1457,4,2,3,10.0,2.0,8,337,7,4,2.0,3,12,3.0,3,101,Q16 - Q20
1458,3,1,1,3.0,5.0,5,314,4,5,5.0,1,127,8.0,2,95,Q16 - Q20
1459,2,2,19,19.0,2.0,5,6,4,2,2.0,3,47,8.0,4,37,Más de Q30
1460,2,2,1,3.0,6.0,1,11,4,3,2.0,1,419,3.0,1,108,Más de Q30
1461,4,1,1,3.0,3.0,23,24,2,3,4.0,3,420,7.0,1,63,Menos de Q10
1462,3,2,1,1.0,4.0,8,486,5,5,2.0,2,270,4.0,1,74,Q10 - Q15
1463,2,1,15,24.0,4.0,8,18,2,2,5.0,2,34,5.0,2,9,Q21 - Q30
1464,2,1,14,18.0,6.0,7,6,5,1,4.0,1,9,2.0,3,68,Q10 - Q15
1465,2,2,1,3.0,7.0,9,286,2,2,1.0,1,290,9.0,4,117,Q10 - Q15
1466,4,1,4,13.0,3.0,7,487,2,2,1.0,1,60,3.0,3,107,Q21 - Q30
1467,6,1,5,7.0,8.0,5,10,2,4,2.0,3,138,3.0,3,1,Q10 - Q15
1468,6,1,12,35.0,6.0,28,488,5,4,6.0,3,122,4.0,3,56,Más de Q30
1469,2,1,1,6.0,3.0,1,53,5,3,1.0,3,32,9.0,2,37,Q10 - Q15
1470,4,1,12,19.0,5.0,8,84,6,1,4.0,1,28,7.0,2,85,Q16 - Q20
1471,4,2,14,17.0,4.0,8,135,5,2,2.0,5,127,4.0,4,64,Q16 - Q20
1472,2,1,17,12.0,2.0,9,182,4,1,4.0,1,138,7.0,3,113,Q10 - Q15
1473,4,2,3,10.0,4.0,22,402,4,4,3.0,1,421,9.0,1,104,Q10 - Q15
1474,4,2,3,4.0,3.0,5,449,1,2,2.0,5,12,4.0,1,28,Q10 - Q15
1475,2,1,3,10.0,3.0,5,103,2,4,2.0,4,6,1.0,2,65,Q16 - Q20
1476,4,2,10,19.0,4.0,22,447,7,2,5.0,1,9,9.0,2,49,Q10 - Q15
1477,1,2,1,1.0,7.0,9,489,3,3,5.0,3,139,8.0,2,40,Menos de Q10
1478,2,1,1,1.0,4.0,9,490,6,2,5.0,1,158,5.0,2,97,Q16 - Q20
1479,2,1,1,20.0,6.0,7,13,4,1,5.0,2,422,6.0,1,93,Q16 - Q20
1480,5,1,10,19.0,5.0,1,12,3,1,2.0,1,266,4.0,3,8,Q16 - Q20
1481,2,1,2,2.0,2.0,3,94,5,2,5.0,1,14,6.0,3,8,Q10 - Q15
1482,1,1,1,20.0,4.0,8,53,3,1,1.0,4,423,7.0,1,13,Q21 - Q30
1483,6,2,1,6.0,5.0,22,101,7,1,3.0,3,241,1.0,4,87,Q10 - Q15
1484,2,2,1,1.0,,36,491,2,3,2.0,2,243,5.0,2,60,Q16 - Q20
1485,3,1,1,3.0,3.0,16,18,1,4,3.0,3,424,5.0,2,8,Q21 - Q30
1486,2,1,4,29.0,4.0,21,11,1,4,4.0,4,198,5.0,1,115,Q10 - Q15
1487,5,1,3,4.0,4.0,7,18,5,1,1.0,3,9,8.0,4,48,Q10 - Q15
1488,4,2,5,7.0,3.0,7,8,3,2,4.0,1,228,6.0,2,27,Q21 - Q30
1489,6,2,5,32.0,4.0,9,118,2,4,3.0,3,45,9.0,2,3,Q16 - Q20
1490,5,2,8,12.0,4.0,11,39,6,1,3.0,4,34,5.0,2,3,Q21 - Q30
1491,3,1,3,4.0,2.0,9,92,1,3,2.0,1,29,5.0,2,50,Q10 - Q15
1492,5,1,1,3.0,4.0,8,492,4,2,5.0,2,7,2.0,1,75,Q10 - Q15
1493,3,1,1,6.0,3.0,1,493,1,3,2.0,3,34,8.0,4,92,Q16 - Q20
1494,2,1,5,32.0,4.0,8,444,7,4,5.0,3,45,1.0,1,17,Q21 - Q30
1495,2,1,1,3.0,4.0,22,4,6,2,5.0,1,12,4.0,2,56,Q21 - Q30
1496,2,1,1,6.0,9.0,8,48,4,2,2.0,1,425,3.0,2,114,Menos de Q10
1497,3,2,1,6.0,2.0,8,39,4,4,2.0,1,28,3.0,3,46,Q10 - Q15
1498,4,3,14,18.0,4.0,7,4,3,2,2.0,2,95,4.0,3,21,Q16 - Q20
1499,4,1,1,20.0,3.0,9,18,4,1,5.0,5,6,5.0,1,7,Q16 - Q20
1500,6,3,3,22.0,3.0,7,494,4,2,2.0,1,426,7.0,2,53,Q16 - Q20
1501,4,2,1,20.0,8.0,7,106,6,4,4.0,1,34,4.0,2,105,Menos de Q10
1502,2,2,1,3.0,8.0,22,495,6,1,2.0,1,427,4.0,3,68,Q16 - Q20
1503,5,2,4,13.0,5.0,7,11,3,1,6.0,3,68,8.0,1,1,Q16 - Q20
1504,5,1,4,29.0,8.0,22,11,6,3,1.0,1,34,3.0,1,102,Q21 - Q30
1505,6,2,10,36.0,3.0,1,6,3,2,2.0,3,14,5.0,3,44,Q16 - Q20
1506,5,2,1,20.0,8.0,5,6,3,1,4.0,4,89,5.0,1,100,Q16 - Q20
1507,2,2,22,12.0,5.0,3,32,5,2,5.0,1,11,6.0,4,65,Q16 - Q20
1508,3,2,4,13.0,6.0,9,56,3,2,6.0,2,24,4.0,1,80,Q21 - Q30
1509,3,2,6,19.0,4.0,16,496,2,3,2.0,1,7,,4,41,Q16 - Q20
1510,4,1,1,3.0,4.0,8,11,4,3,1.0,3,6,3.0,1,102,Más de Q30
1511,4,2,1,20.0,5.0,15,31,7,4,2.0,5,28,8.0,1,98,Q16 - Q20
1512,5,2,1,3.0,5.0,5,368,5,2,3.0,3,428,6.0,1,87,Q21 - Q30
1513,6,1,1,1.0,8.0,8,4,7,3,2.0,2,323,1.0,3,52,Menos de Q10
1514,5,2,1,6.0,2.0,7,4,5,5,5.0,1,272,6.0,4,8,Q16 - Q20
1515,2,1,4,31.0,5.0,5,6,4,3,1.0,1,34,8.0,3,15,Q16 - Q20
1516,5,2,15,19.0,3.0,7,497,4,3,3.0,1,92,4.0,3,121,Q10 - Q15
1517,4,2,1,3.0,6.0,1,329,3,4,4.0,1,96,5.0,4,86,Q16 - Q20
1518,4,2,4,29.0,8.0,7,166,1,2,2.0,1,429,3.0,1,44,Q21 - Q30
1519,2,1,1,3.0,4.0,23,498,7,4,5.0,1,7,6.0,2,113,Q16 - Q20
1520,2,1,9,19.0,4.0,22,68,2,2,1.0,1,126,2.0,1,36,Q10 - Q15
1521,4,1,5,7.0,8.0,7,31,4,1,2.0,4,292,6.0,2,20,Q21 - Q30
1522,5,2,1,6.0,4.0,8,299,6,2,4.0,1,6,8.0,4,25,Q16 - Q20
1523,6,3,22,28.0,4.0,8,499,5,4,5.0,3,240,4.0,1,28,Q21 - Q30
1524,2,2,1,6.0,4.0,3,18,2,4,2.0,3,78,6.0,1,68,Q16 - Q20
1525,3,2,14,23.0,7.0,8,317,7,3,6.0,4,33,7.0,3,10,Q21 - Q30
1526,2,2,1,3.0,9.0,8,500,4,3,2.0,4,226,6.0,2,14,Q21 - Q30
1527,4,2,2,19.0,3.0,23,501,5,2,5.0,4,430,4.0,3,57,Q16 - Q20
1528,4,2,1,20.0,5.0,8,18,1,3,5.0,5,34,7.0,4,102,Q16 - Q20
1529,2,1,4,31.0,2.0,7,250,6,3,1.0,4,197,4.0,2,115,Q10 - Q15
1530,4,2,14,17.0,5.0,9,502,3,1,2.0,1,317,3.0,1,46,Q16 - Q20
1531,3,1,1,1.0,9.0,20,11,5,1,2.0,2,310,3.0,2,100,Q10 - Q15
1532,4,1,1,3.0,5.0,8,173,2,3,2.0,1,282,9.0,1,19,Q16 - Q20
1533,2,2,22,28.0,8.0,20,11,2,4,1.0,1,95,5.0,4,98,Q21 - Q30
1534,4,1,6,19.0,4.0,12,503,5,3,2.0,3,431,6.0,1,12,Menos de Q10
1535,6,1,1,3.0,4.0,8,504,5,1,1.0,4,65,4.0,4,75,Q16 - Q20
1536,2,1,3,4.0,4.0,9,505,3,2,5.0,3,131,6.0,2,3,Q21 - Q30
1537,6,2,2,12.0,4.0,8,506,2,3,5.0,3,12,6.0,3,16,Q16 - Q20
1538,2,1,3,4.0,4.0,6,11,2,5,2.0,4,202,1.0,3,80,Q10 - Q15
1539,5,1,7,19.0,3.0,59,11,5,2,2.0,5,332,3.0,1,66,Q10 - Q15
1540,3,2,1,6.0,3.0,8,366,2,2,2.0,3,57,7.0,3,47,Q21 - Q30
1541,2,1,1,6.0,4.0,3,31,3,2,5.0,4,122,,1,86,Q10 - Q15
1542,3,1,1,20.0,4.0,5,165,5,1,5.0,1,6,5.0,4,28,Q16 - Q20
1543,2,2,24,4.0,4.0,2,507,2,3,1.0,1,7,2.0,1,31,Menos de Q10
1544,4,1,1,8.0,5.0,8,508,1,2,2.0,2,182,9.0,3,103,Q16 - Q20
1545,2,1,8,12.0,9.0,8,6,3,1,,1,57,5.0,3,8,Q16 - Q20
1546,5,2,3,4.0,4.0,8,164,7,3,4.0,3,6,4.0,1,36,Q21 - Q30
1547,4,3,9,30.0,5.0,8,211,5,3,2.0,3,6,5.0,3,112,Menos de Q10
1548,2,2,1,1.0,3.0,4,138,5,5,2.0,3,7,7.0,2,64,Más de Q30
1549,6,1,1,8.0,6.0,1,337,4,1,1.0,3,34,4.0,3,38,Q21 - Q30
1550,5,2,12,19.0,4.0,1,83,2,3,2.0,3,136,6.0,4,33,Menos de Q10
1551,2,1,1,1.0,9.0,5,509,7,3,5.0,1,49,7.0,3,37,Q16 - Q20
1552,6,1,1,,7.0,5,8,5,3,5.0,3,24,8.0,2,85,Q10 - Q15
1553,6,2,16,19.0,5.0,22,510,3,3,4.0,1,432,9.0,2,76,Q10 - Q15
1554,4,2,1,8.0,5.0,60,511,4,2,2.0,3,80,7.0,2,19,Q16 - Q20
1555,3,1,20,12.0,4.0,5,140,7,3,2.0,3,2,3.0,3,97,Q16 - Q20
1556,3,1,23,12.0,5.0,5,11,2,2,2.0,2,7,3.0,2,102,Q21 - Q30
1557,4,1,3,4.0,3.0,5,512,5,4,4.0,1,28,6.0,1,59,Q21 - Q30
1558,4,2,3,4.0,4.0,5,11,1,3,6.0,1,16,3.0,1,54,Q21 - Q30
1559,3,2,1,1.0,8.0,8,4,5,2,2.0,3,2,5.0,4,94,Q10 - Q15
1560,4,1,3,22.0,3.0,4,4,5,3,,1,433,7.0,1,38,Q16 - Q20
1561,2,1,5,16.0,4.0,7,51,3,5,5.0,3,28,3.0,4,36,Q16 - Q20
1562,6,2,1,8.0,4.0,9,41,4,1,6.0,4,51,9.0,2,49,Q10 - Q15
1563,2,1,4,29.0,7.0,8,513,2,3,5.0,2,202,3.0,3,99,Q21 - Q30
1564,2,2,1,20.0,6.0,8,227,7,4,2.0,3,45,4.0,4,11,Q10 - Q15
1565,4,2,6,12.0,5.0,8,339,1,2,4.0,3,41,8.0,4,1,Q16 - Q20
1566,5,2,3,4.0,4.0,61,10,5,3,5.0,1,434,4.0,2,66,Q10 - Q15
1567,4,2,7,11.0,8.0,3,41,3,3,4.0,1,317,8.0,2,46,Q10 - Q15
1568,2,1,1,1.0,4.0,3,50,3,1,5.0,2,34,4.0,1,9,Q16 - Q20
1569,4,2,14,18.0,4.0,23,92,2,2,5.0,4,6,5.0,3,85,Más de Q30
1570,4,1,4,31.0,4.0,1,514,4,2,2.0,3,34,9.0,2,105,Q16 - Q20
1571,4,1,1,8.0,9.0,1,9,6,3,4.0,1,197,4.0,3,81,Q16 - Q20
1572,2,2,15,12.0,5.0,27,515,7,3,4.0,5,11,7.0,2,55,Menos de Q10
1573,5,2,1,,6.0,28,47,3,2,2.0,3,124,9.0,2,93,Q21 - Q30
1574,4,2,12,12.0,4.0,1,452,1,3,5.0,3,157,6.0,1,24,Q21 - Q30
1575,2,1,5,16.0,9.0,1,516,3,2,5.0,3,29,8.0,4,48,Q16 - Q20
1576,4,2,4,31.0,6.0,7,39,4,2,5.0,1,80,5.0,3,72,Q21 - Q30
1577,2,1,1,8.0,6.0,7,68,4,3,2.0,3,138,6.0,2,6,Q16 - Q20
1578,4,2,1,3.0,5.0,7,6,3,2,2.0,2,71,2.0,4,24,Q10 - Q15
1579,3,2,14,17.0,6.0,9,295,6,3,1.0,2,9,8.0,4,89,Q21 - Q30
1580,6,1,1,20.0,2.0,1,39,3,1,5.0,1,14,,1,81,Q16 - Q20
1581,5,3,1,3.0,8.0,7,517,3,1,3.0,3,12,3.0,3,9,Menos de Q10
1582,3,2,9,30.0,4.0,1,6,3,4,5.0,2,34,6.0,4,116,Q21 - Q30
1583,3,2,1,8.0,2.0,9,226,3,2,5.0,3,126,6.0,2,51,Menos de Q10
1584,3,1,1,20.0,8.0,8,165,3,2,5.0,2,7,5.0,1,110,Q21 - Q30
1585,2,2,5,7.0,4.0,1,11,1,1,2.0,4,56,4.0,1,93,Q21 - Q30
1586,4,1,14,18.0,3.0,7,266,6,3,5.0,1,435,2.0,2,80,Q21 - Q30
1587,2,1,3,4.0,2.0,40,518,5,4,3.0,3,135,3.0,3,96,Q16 - Q20
1588,2,2,1,8.0,4.0,3,182,3,3,2.0,2,115,5.0,2,6,Q10 - Q15
1589,4,1,22,28.0,4.0,5,182,4,3,2.0,1,28,4.0,3,25,Q21 - Q30
1590,3,1,7,,3.0,2,519,6,3,4.0,1,364,5.0,2,77,Q16 - Q20
1591,2,1,1,20.0,4.0,4,520,2,1,5.0,2,34,3.0,3,104,Q10 - Q15
1592,4,2,14,18.0,4.0,7,212,4,5,2.0,3,2,3.0,4,45,Q16 - Q20
1593,5,1,1,1.0,5.0,17,145,4,2,3.0,3,12,9.0,1,51,Q21 - Q30
1594,2,2,5,16.0,8.0,23,50,3,4,1.0,5,436,1.0,2,16,Q21 - Q30
1595,5,1,1,6.0,4.0,36,18,4,3,6.0,3,18,3.0,1,44,Q21 - Q30
1596,4,1,14,18.0,6.0,47,41,5,4,4.0,1,9,3.0,3,43,Q16 - Q20
1597,3,1,2,19.0,3.0,3,18,4,3,4.0,3,42,8.0,2,116,Q16 - Q20
1598,5,1,1,6.0,4.0,1,11,5,4,5.0,2,34,5.0,1,44,Q10 - Q15
1599,6,1,19,12.0,4.0,32,11,4,2,1.0,1,68,6.0,4,44,Q16 - Q20
1600,4,1,1,20.0,6.0,1,53,4,4,2.0,1,437,3.0,4,39,Q10 - Q15
1601,4,1,1,6.0,8.0,7,6,4,1,2.0,2,438,1.0,2,32,Q16 - Q20
1602,6,1,22,19.0,9.0,4,4,6,1,1.0,1,6,1.0,3,6,
1603,6,2,1,20.0,3.0,5,4,1,1,5.0,1,182,1.0,2,61,Q21 - Q30
1604,6,1,5,16.0,4.0,9,521,7,2,5.0,1,212,1.0,1,38,Q10 - Q15
1605,4,2,13,33.0,7.0,5,99,4,2,1.0,3,167,6.0,4,53,Q16 - Q20
1606,4,1,1,20.0,3.0,3,522,2,3,4.0,3,7,7.0,3,16,Q16 - Q20
1607,6,1,14,17.0,,5,217,7,4,5.0,3,6,8.0,2,67,Q10 - Q15
1608,2,1,1,1.0,6.0,9,8,3,3,2.0,3,45,8.0,1,14,Menos de Q10
1609,2,2,3,22.0,3.0,4,129,5,3,2.0,3,439,8.0,1,29,Q21 - Q30
1610,3,1,12,12.0,4.0,7,11,3,4,2.0,1,9,3.0,2,46,Q16 - Q20
1611,5,2,5,32.0,7.0,8,18,7,4,4.0,3,435,8.0,3,85,Q21 - Q30
1612,4,1,1,8.0,4.0,7,523,5,3,2.0,1,11,8.0,3,45,Q10 - Q15
1613,6,2,14,17.0,4.0,28,524,5,3,5.0,1,25,4.0,1,16,Q10 - Q15
1614,2,1,1,3.0,4.0,3,69,3,5,2.0,1,56,9.0,4,117,Q10 - Q15
1615,4,1,1,6.0,5.0,1,481,3,3,3.0,1,122,6.0,1,34,Q10 - Q15
1616,2,1,1,20.0,3.0,22,11,4,3,5.0,3,370,6.0,4,70,Q16 - Q20
1617,2,2,1,6.0,5.0,8,173,5,3,6.0,2,34,7.0,2,19,Q16 - Q20
1618,2,2,1,20.0,6.0,9,165,3,2,3.0,3,6,8.0,1,112,Q10 - Q15
1619,5,2,1,3.0,4.0,39,332,3,3,5.0,1,340,7.0,2,73,Q21 - Q30
1620,6,1,13,25.0,6.0,8,525,1,4,3.0,4,28,6.0,2,72,Más de Q30
1621,6,2,17,12.0,1.0,34,7,4,3,6.0,3,11,6.0,4,29,Q10 - Q15
1622,4,2,1,8.0,7.0,3,295,7,2,5.0,1,55,8.0,2,15,Q21 - Q30
1623,3,1,20,19.0,4.0,5,41,1,2,4.0,3,440,3.0,2,69,Q16 - Q20
1624,4,1,1,3.0,3.0,7,6,4,1,5.0,4,115,3.0,1,65,Q10 - Q15
1625,1,2,5,16.0,4.0,3,472,3,2,6.0,3,239,7.0,4,8,Q21 - Q30
1626,2,1,1,20.0,6.0,8,8,4,2,1.0,2,349,4.0,4,59,Q10 - Q15
1627,2,1,1,20.0,3.0,8,5,5,3,4.0,1,441,3.0,3,34,Q16 - Q20
1628,2,1,1,6.0,8.0,2,93,5,5,5.0,3,442,8.0,1,116,Q16 - Q20
1629,3,1,1,3.0,5.0,9,62,4,4,1.0,3,6,3.0,4,50,Q16 - Q20
1630,3,2,14,17.0,4.0,61,18,2,4,3.0,3,39,8.0,2,82,Q21 - Q30
1631,2,1,1,6.0,5.0,53,165,2,1,5.0,3,6,1.0,1,3,Menos de Q10
1632,4,1,2,19.0,9.0,4,56,4,2,,4,28,5.0,1,119,Menos de Q10
1633,4,3,5,32.0,1.0,22,526,3,2,1.0,4,6,8.0,1,120,Más de Q30
1634,4,2,1,20.0,3.0,4,88,3,4,4.0,1,9,3.0,2,110,Q10 - Q15
1635,3,1,1,1.0,4.0,7,39,3,5,2.0,3,34,7.0,2,38,Q10 - Q15
1636,2,1,1,8.0,4.0,7,527,2,1,5.0,3,150,8.0,2,2,Q10 - Q15
1637,4,2,20,27.0,5.0,5,59,7,3,2.0,1,7,4.0,4,35,Q21 - Q30
1638,5,1,14,17.0,2.0,7,142,4,2,2.0,1,9,5.0,1,23,Q21 - Q30
1639,4,2,1,20.0,6.0,8,18,4,5,3.0,3,112,8.0,1,33,Q21 - Q30
1640,1,1,1,8.0,3.0,2,168,2,3,3.0,3,168,6.0,4,77,Q10 - Q15
1641,3,1,17,19.0,4.0,9,68,5,3,3.0,3,237,5.0,1,20,Q16 - Q20
1642,3,2,12,12.0,1.0,7,18,2,4,1.0,1,443,8.0,1,75,Q10 - Q15
1643,3,1,1,1.0,4.0,7,11,3,4,4.0,4,149,5.0,3,69,Q16 - Q20
1644,3,2,22,28.0,3.0,8,528,6,2,4.0,3,12,3.0,3,41,Q21 - Q30
1645,4,2,1,3.0,6.0,17,11,2,3,2.0,3,233,7.0,1,83,Q21 - Q30
1646,3,2,1,8.0,4.0,16,412,5,1,2.0,1,396,3.0,3,107,Q16 - Q20
1647,5,2,18,12.0,9.0,2,500,3,2,2.0,1,444,5.0,1,65,
1648,3,1,3,4.0,9.0,5,18,3,3,3.0,4,445,8.0,3,96,Q16 - Q20
1649,2,2,1,1.0,8.0,8,529,4,2,6.0,4,397,8.0,1,94,Q10 - Q15
1650,2,2,12,19.0,4.0,5,164,7,1,2.0,1,7,9.0,1,120,Q10 - Q15
1651,4,1,16,21.0,4.0,23,6,7,4,6.0,1,179,9.0,1,63,Más de Q30
1652,2,1,16,21.0,7.0,1,6,4,2,5.0,3,192,3.0,1,106,Q10 - Q15
1653,2,1,23,12.0,9.0,5,11,7,2,2.0,3,5,5.0,3,53,Q21 - Q30
1654,5,1,14,23.0,8.0,23,530,3,2,4.0,3,245,4.0,3,8,Q21 - Q30
1655,3,2,20,,4.0,2,5,3,2,2.0,3,446,7.0,2,15,Q21 - Q30
1656,2,1,1,20.0,,2,129,1,3,2.0,1,6,3.0,1,1,Q21 - Q30
1657,3,1,1,8.0,5.0,8,531,2,2,5.0,3,290,6.0,2,100,Menos de Q10
1658,4,2,17,19.0,4.0,7,11,4,3,2.0,1,78,1.0,3,28,Q16 - Q20
1659,3,1,19,12.0,9.0,1,12,3,4,1.0,3,9,5.0,3,93,Menos de Q10
1660,4,2,21,20.0,3.0,2,11,7,1,4.0,1,447,2.0,2,33,Q16 - Q20
1661,3,1,18,39.0,6.0,7,31,3,1,1.0,4,115,4.0,3,47,Q10 - Q15
1662,4,2,1,3.0,4.0,7,4,4,3,5.0,3,159,4.0,2,16,Q16 - Q20
1663,3,1,21,6.0,4.0,3,170,4,2,5.0,4,14,5.0,1,77,Q21 - Q30
1664,3,2,5,7.0,3.0,9,8,6,2,1.0,1,299,6.0,3,117,Q21 - Q30
1665,4,1,14,23.0,3.0,8,525,7,1,3.0,1,225,8.0,4,14,Q10 - Q15
1666,5,1,1,20.0,4.0,8,350,1,1,2.0,1,25,1.0,1,19,Q21 - Q30
1667,3,1,1,6.0,2.0,7,532,4,1,2.0,5,112,5.0,2,30,Q10 - Q15
1668,4,1,1,20.0,3.0,1,533,4,4,1.0,2,9,4.0,2,88,Q10 - Q15
1669,6,1,4,5.0,8.0,4,534,5,3,5.0,1,225,3.0,1,56,Q16 - Q20
1670,4,1,6,12.0,4.0,5,535,5,1,4.0,3,121,4.0,2,96,Q10 - Q15
1671,4,2,3,,3.0,7,24,6,3,3.0,3,34,8.0,2,78,Q16 - Q20
1672,2,2,3,10.0,9.0,2,23,2,2,2.0,3,448,6.0,1,42,Q10 - Q15
1673,1,2,21,1.0,5.0,9,536,4,2,2.0,3,449,1.0,3,71,Q16 - Q20
1674,3,1,1,8.0,9.0,8,25,3,3,5.0,1,255,8.0,2,95,Q21 - Q30
1675,2,2,1,8.0,8.0,5,79,6,5,2.0,3,28,1.0,1,6,Q10 - Q15
1676,4,2,1,3.0,7.0,2,391,5,3,4.0,1,334,3.0,4,98,Q21 - Q30
1677,5,2,1,20.0,4.0,7,135,3,4,3.0,2,11,3.0,3,41,Q16 - Q20
1678,4,2,5,7.0,6.0,7,5,5,3,5.0,1,7,4.0,2,39,Q10 - Q15
1679,5,2,1,8.0,9.0,3,190,7,2,3.0,1,304,1.0,1,49,Q21 - Q30
1680,4,1,9,12.0,4.0,51,5,3,2,1.0,5,31,7.0,3,106,Q10 - Q15
1681,4,1,7,19.0,4.0,5,537,2,4,5.0,1,450,8.0,3,113,Q10 - Q15
1682,3,2,3,22.0,7.0,7,18,4,5,6.0,1,9,2.0,1,88,Q10 - Q15
1683,3,2,12,,9.0,1,116,1,4,3.0,3,451,5.0,1,119,Menos de Q10
1684,2,1,4,29.0,6.0,14,462,7,2,4.0,5,158,5.0,1,61,Q10 - Q15
1685,6,2,1,6.0,6.0,1,538,3,3,6.0,3,11,3.0,4,87,Q10 - Q15
1686,3,2,17,38.0,3.0,9,539,4,3,2.0,1,45,3.0,3,83,Q16 - Q20
1687,6,1,1,8.0,4.0,3,316,4,4,5.0,2,11,9.0,2,16,Q21 - Q30
1688,2,1,13,25.0,4.0,9,68,4,2,1.0,2,452,4.0,3,43,Q10 - Q15
1689,2,2,7,12.0,2.0,2,192,4,3,4.0,3,453,7.0,4,6,Más de Q30
1690,6,2,1,20.0,6.0,8,474,3,2,5.0,3,67,2.0,1,101,Q10 - Q15
1691,4,1,1,1.0,8.0,52,31,3,3,,3,202,1.0,1,56,Q16 - Q20
1692,6,2,1,8.0,3.0,7,156,4,3,5.0,5,45,2.0,3,64,Q21 - Q30
1693,2,2,4,13.0,4.0,5,203,4,2,6.0,3,7,6.0,2,3,Q16 - Q20
1694,6,2,1,20.0,4.0,8,41,3,4,2.0,1,47,5.0,3,109,Q16 - Q20
1695,5,2,9,19.0,3.0,7,200,4,2,1.0,3,112,4.0,1,80,Q21 - Q30
1696,6,2,1,3.0,4.0,2,165,2,2,5.0,1,452,8.0,1,113,Q21 - Q30
1697,1,2,17,19.0,6.0,23,224,3,2,2.0,3,6,2.0,4,12,Más de Q30
1698,5,2,5,32.0,5.0,8,540,2,3,4.0,1,11,4.0,1,86,Q16 - Q20
1699,6,2,1,6.0,4.0,8,76,2,4,2.0,1,347,3.0,3,92,Q16 - Q20
1700,2,2,5,7.0,5.0,8,79,3,1,5.0,2,12,3.0,4,75,Q10 - Q15
1701,5,2,3,10.0,6.0,10,18,5,4,3.0,3,9,4.0,1,4,Q16 - Q20
1702,2,2,1,20.0,4.0,5,189,4,3,2.0,1,56,9.0,4,78,Más de Q30
1703,3,1,1,8.0,4.0,1,6,5,4,5.0,1,4,7.0,3,52,Q16 - Q20
1704,4,2,1,,4.0,2,30,1,1,2.0,3,166,5.0,1,35,Q16 - Q20
1705,6,1,5,32.0,9.0,8,541,2,2,5.0,3,52,8.0,2,17,Q10 - Q15
1706,3,2,4,29.0,4.0,4,542,7,3,1.0,3,127,4.0,2,16,Q21 - Q30
1707,3,1,17,19.0,8.0,23,11,7,4,2.0,1,34,7.0,1,98,Q16 - Q20
1708,3,2,1,6.0,3.0,2,39,3,2,3.0,1,89,8.0,3,53,Q10 - Q15
1709,3,1,5,16.0,8.0,5,543,5,5,2.0,1,454,3.0,1,44,Q16 - Q20
1710,3,3,6,12.0,3.0,4,544,6,2,1.0,2,11,5.0,3,21,Q10 - Q15
1711,3,1,8,12.0,3.0,48,79,7,1,,1,211,8.0,2,97,Q10 - Q15
1712,1,2,18,19.0,4.0,8,146,5,2,3.0,3,89,7.0,3,73,Q16 - Q20
1713,4,1,1,20.0,2.0,3,99,4,4,3.0,1,428,6.0,2,97,Q16 - Q20
1714,4,2,1,3.0,4.0,5,125,6,1,3.0,1,61,5.0,1,56,Q10 - Q15
1715,2,2,20,12.0,5.0,17,137,3,4,2.0,1,80,9.0,1,88,Q16 - Q20
1716,5,2,1,20.0,9.0,2,165,3,5,4.0,3,281,8.0,1,110,Q10 - Q15
1717,4,3,9,19.0,9.0,9,545,4,3,6.0,1,12,6.0,1,27,Q16 - Q20
1718,2,2,3,22.0,9.0,7,39,1,3,2.0,1,60,5.0,2,116,Q10 - Q15
1719,2,2,1,8.0,8.0,1,12,1,1,2.0,5,455,5.0,3,50,Q16 - Q20
1720,3,1,3,4.0,4.0,4,5,7,1,2.0,1,45,9.0,2,61,Q16 - Q20
1721,3,1,1,8.0,,23,483,5,3,5.0,1,92,4.0,1,39,Q21 - Q30
1722,2,2,14,23.0,7.0,22,144,5,1,5.0,5,12,7.0,1,51,Q21 - Q30
1723,4,2,5,16.0,6.0,3,129,4,4,2.0,1,9,1.0,2,45,Q16 - Q20
1724,4,1,1,20.0,4.0,8,477,1,5,3.0,1,11,8.0,3,66,Q10 - Q15
1725,4,1,11,12.0,9.0,17,546,4,4,4.0,1,12,8.0,4,1,Q16 - Q20
1726,2,1,8,19.0,2.0,7,547,2,4,5.0,3,456,8.0,3,5,Más de Q30
1727,3,2,5,32.0,3.0,5,230,7,5,5.0,1,457,6.0,3,25,Q10 - Q15
1728,2,1,1,3.0,4.0,27,165,1,3,4.0,1,7,9.0,2,13,Q10 - Q15
1729,3,1,16,19.0,9.0,7,548,5,1,2.0,3,12,7.0,2,35,Q16 - Q20
1730,5,2,4,13.0,4.0,8,549,3,1,2.0,1,458,7.0,3,112,Q16 - Q20
1731,2,2,9,19.0,2.0,2,209,2,3,2.0,3,11,3.0,2,23,Q16 - Q20
1732,2,2,5,16.0,6.0,2,99,5,4,4.0,1,9,8.0,2,37,Q21 - Q30
1733,3,2,1,1.0,1.0,5,550,5,5,1.0,1,196,9.0,3,46,Q16 - Q20
1734,4,1,22,19.0,4.0,2,36,2,5,5.0,3,83,9.0,1,18,Menos de Q10
1735,3,1,7,12.0,7.0,9,266,4,2,2.0,1,6,8.0,2,37,Q16 - Q20
1736,4,2,14,18.0,9.0,17,532,5,3,2.0,1,34,8.0,4,115,Q10 - Q15
1737,3,1,8,19.0,4.0,29,4,5,3,5.0,3,25,9.0,4,95,Q16 - Q20
1738,2,1,9,19.0,5.0,8,156,7,5,2.0,3,244,4.0,1,76,Q16 - Q20
1739,2,2,3,4.0,5.0,5,240,4,4,5.0,2,16,9.0,4,83,Q10 - Q15
1740,6,1,5,32.0,9.0,9,287,4,1,2.0,3,24,2.0,1,79,Q10 - Q15
1741,4,2,1,3.0,3.0,8,6,3,1,4.0,3,12,6.0,1,7,Q10 - Q15
1742,4,2,15,19.0,3.0,8,96,5,1,4.0,1,11,6.0,3,47,Q16 - Q20
1743,3,1,14,17.0,9.0,5,62,3,1,2.0,2,6,1.0,1,33,Menos de Q10
1744,3,1,1,8.0,5.0,5,6,2,2,1.0,4,11,9.0,1,93,Q16 - Q20
1745,2,1,4,31.0,2.0,9,72,5,1,3.0,3,364,3.0,2,67,Q21 - Q30
1746,6,1,10,19.0,8.0,9,5,5,1,4.0,3,126,,4,96,Q10 - Q15
1747,4,1,11,12.0,8.0,8,551,3,2,6.0,3,175,4.0,4,4,Q16 - Q20
1748,4,1,1,1.0,3.0,7,4,3,2,3.0,3,256,5.0,3,116,Q16 - Q20
1749,2,1,1,3.0,1.0,46,266,5,4,,3,11,6.0,1,93,Q10 - Q15
1750,3,2,1,8.0,4.0,5,323,4,3,2.0,3,34,6.0,2,8,Q16 - Q20
1751,6,3,3,22.0,7.0,62,507,4,1,2.0,5,17,7.0,2,54,Q16 - Q20
1752,3,1,1,8.0,4.0,5,18,7,4,4.0,1,376,7.0,2,26,Q21 - Q30
1753,2,1,14,18.0,4.0,1,56,6,2,2.0,3,45,1.0,1,99,Q16 - Q20
1754,3,2,5,7.0,6.0,7,6,4,4,5.0,1,44,2.0,4,28,Q21 - Q30
1755,3,1,1,20.0,4.0,2,5,7,5,6.0,3,9,8.0,3,93,Q10 - Q15
1756,5,2,1,3.0,9.0,5,552,1,2,1.0,1,57,4.0,1,52,Q10 - Q15
1757,4,1,11,12.0,6.0,8,170,3,2,4.0,1,28,8.0,1,100,Q21 - Q30
1758,4,2,10,19.0,3.0,8,6,1,3,4.0,1,45,2.0,1,115,Q10 - Q15
1759,4,1,5,32.0,4.0,8,10,7,2,3.0,3,9,3.0,4,114,Q16 - Q20
1760,4,2,1,8.0,4.0,3,209,4,3,5.0,1,39,8.0,2,42,Q10 - Q15
1761,5,2,12,12.0,4.0,9,6,4,3,2.0,3,350,1.0,3,65,Q21 - Q30
1762,3,2,1,1.0,3.0,8,41,5,1,1.0,1,6,7.0,2,35,Menos de Q10
1763,4,2,1,1.0,9.0,7,553,5,2,2.0,1,55,5.0,3,8,Q16 - Q20
1764,4,2,3,4.0,4.0,16,6,2,3,2.0,5,265,2.0,1,109,Q16 - Q20
1765,4,1,3,4.0,8.0,8,554,5,2,5.0,1,358,3.0,4,15,Q10 - Q15
1766,6,2,14,23.0,4.0,7,4,3,4,2.0,3,7,5.0,2,116,Q10 - Q15
1767,5,2,21,8.0,4.0,5,72,5,5,5.0,1,25,5.0,1,110,Q16 - Q20
1768,5,2,4,13.0,3.0,1,6,5,2,5.0,2,18,5.0,2,35,Q10 - Q15
1769,6,1,4,5.0,8.0,9,11,4,2,4.0,3,302,5.0,1,9,Q16 - Q20
1770,4,1,1,3.0,2.0,49,6,5,1,5.0,3,11,5.0,1,61,Más de Q30
1771,3,1,11,12.0,4.0,5,79,3,4,2.0,1,459,6.0,3,74,Menos de Q10
1772,2,2,1,1.0,4.0,23,31,4,3,3.0,1,6,4.0,2,42,Q10 - Q15
1773,3,1,1,1.0,6.0,9,11,4,4,2.0,1,153,8.0,1,50,Q16 - Q20
1774,6,1,1,3.0,4.0,3,555,4,3,2.0,3,252,5.0,4,19,Q10 - Q15
1775,2,2,3,4.0,4.0,7,208,7,2,5.0,1,460,8.0,3,52,Q16 - Q20
1776,4,1,4,5.0,5.0,8,556,5,1,5.0,3,78,3.0,1,51,Más de Q30
1777,1,2,5,16.0,,38,8,6,1,5.0,1,6,9.0,3,22,Q10 - Q15
1778,2,1,8,19.0,5.0,8,557,5,1,5.0,1,89,8.0,4,115,Q16 - Q20
1779,2,1,14,18.0,9.0,9,6,3,1,2.0,5,461,8.0,2,105,Menos de Q10
1780,2,1,5,32.0,1.0,25,165,6,5,4.0,1,462,6.0,1,77,Q16 - Q20
1781,3,1,1,3.0,6.0,9,23,1,2,3.0,1,6,5.0,1,111,Menos de Q10
1782,4,2,1,8.0,3.0,1,558,5,2,5.0,3,35,3.0,2,81,Q10 - Q15
1783,4,2,1,1.0,3.0,5,559,7,3,5.0,5,18,3.0,3,96,Q21 - Q30
1784,5,1,14,17.0,2.0,3,6,4,3,1.0,3,92,4.0,4,69,Q21 - Q30
1785,3,2,1,6.0,4.0,8,25,4,1,2.0,4,93,8.0,3,39,Q16 - Q20
1786,1,2,1,3.0,4.0,4,173,7,4,2.0,3,351,8.0,1,108,Q10 - Q15
1787,4,3,18,19.0,5.0,8,535,2,2,2.0,4,34,4.0,1,22,Q16 - Q20
1788,1,1,1,20.0,2.0,9,407,1,5,5.0,3,7,5.0,4,95,Q16 - Q20
1789,2,1,14,23.0,4.0,7,209,7,4,,1,212,8.0,1,28,Q16 - Q20
1790,5,2,1,1.0,8.0,8,12,3,2,1.0,5,38,9.0,4,54,
1791,3,2,15,19.0,8.0,23,52,2,3,2.0,4,244,8.0,1,63,Q21 - Q30
1792,6,2,3,4.0,6.0,9,183,3,3,5.0,3,54,5.0,1,93,Q21 - Q30
1793,5,1,1,6.0,2.0,1,39,5,5,4.0,1,6,5.0,2,40,Q10 - Q15
1794,4,1,3,10.0,8.0,9,6,6,4,4.0,3,201,5.0,1,52,Q10 - Q15
1795,5,2,4,29.0,4.0,9,129,3,3,3.0,1,138,8.0,2,106,Q10 - Q15
1796,2,1,3,22.0,3.0,8,27,2,3,5.0,1,463,4.0,3,81,Q16 - Q20
1797,2,1,1,8.0,2.0,1,560,5,3,5.0,5,464,8.0,1,119,Q16 - Q20
1798,3,2,6,9.0,8.0,2,5,3,3,2.0,2,354,5.0,3,111,Más de Q30
1799,3,2,8,19.0,5.0,7,301,3,3,2.0,2,7,3.0,2,116,Q10 - Q15
1800,6,1,22,12.0,5.0,1,11,5,3,5.0,1,257,8.0,1,10,Q21 - Q30
1801,4,1,1,20.0,5.0,3,486,3,2,5.0,3,465,3.0,2,90,Q10 - Q15
1802,6,1,14,17.0,4.0,1,254,3,2,4.0,3,4,5.0,4,37,Menos de Q10
1803,6,2,6,12.0,6.0,8,6,5,2,3.0,3,167,9.0,3,47,Q21 - Q30
1804,6,1,1,6.0,3.0,1,435,4,2,2.0,3,159,7.0,1,29,Q10 - Q15
1805,6,1,1,1.0,4.0,1,41,3,2,1.0,1,25,3.0,1,26,Q21 - Q30
1806,4,2,1,1.0,4.0,9,561,2,2,4.0,3,418,2.0,4,69,Q21 - Q30
1807,4,2,1,3.0,8.0,18,562,5,3,2.0,3,46,3.0,3,72,Q10 - Q15
1808,2,1,1,3.0,3.0,23,165,1,1,2.0,1,28,4.0,1,93,Q16 - Q20
1809,4,2,1,20.0,4.0,8,115,4,4,6.0,1,18,3.0,4,40,Q10 - Q15
1810,4,2,1,3.0,6.0,22,168,2,2,5.0,3,466,8.0,1,5,Q10 - Q15
1811,6,1,1,1.0,4.0,9,11,4,4,2.0,2,430,6.0,2,21,Q16 - Q20
1812,2,1,5,16.0,5.0,61,8,6,4,2.0,3,294,5.0,4,112,Q10 - Q15
1813,4,1,3,10.0,4.0,22,24,4,3,5.0,3,28,5.0,2,35,Q10 - Q15
1814,3,3,1,3.0,5.0,8,11,1,3,4.0,3,15,9.0,1,28,Q16 - Q20
1815,2,2,1,6.0,5.0,8,4,2,3,1.0,2,45,2.0,4,3,Menos de Q10
1816,6,2,2,12.0,4.0,60,323,6,3,6.0,1,4,8.0,2,70,Q21 - Q30
1817,5,1,1,20.0,4.0,5,112,3,1,3.0,2,38,3.0,1,16,Q21 - Q30
1818,2,2,17,38.0,5.0,1,6,3,3,5.0,3,89,5.0,4,40,Q21 - Q30
1819,5,1,21,8.0,5.0,9,563,4,4,2.0,4,7,8.0,3,108,Q10 - Q15
1820,3,1,14,,9.0,1,5,7,4,5.0,5,11,6.0,2,44,Q16 - Q20
1821,4,1,5,7.0,3.0,8,564,6,5,2.0,1,467,5.0,2,8,Q21 - Q30
1822,1,2,1,20.0,4.0,1,88,6,2,6.0,3,55,7.0,3,55,Q16 - Q20
1823,6,1,1,1.0,9.0,1,323,4,3,4.0,4,242,9.0,2,9,Q10 - Q15
1824,3,1,12,35.0,5.0,22,5,4,2,2.0,4,28,6.0,1,105,Q16 - Q20
1825,2,1,1,1.0,2.0,3,173,1,2,4.0,1,9,6.0,2,10,Q16 - Q20
1826,4,1,23,19.0,6.0,8,565,3,5,2.0,1,457,8.0,3,36,Q21 - Q30
1827,2,2,1,1.0,7.0,17,387,3,4,2.0,3,6,6.0,1,22,Q21 - Q30
1828,4,1,1,20.0,4.0,7,398,1,1,1.0,3,28,3.0,3,22,Q21 - Q30
1829,2,1,1,8.0,3.0,4,54,5,1,2.0,1,35,3.0,2,6,Q16 - Q20
1830,5,2,1,20.0,2.0,23,135,2,2,4.0,4,182,4.0,3,96,Q21 - Q30
1831,3,1,4,13.0,4.0,8,189,3,2,4.0,1,468,7.0,1,75,Q10 - Q15
1832,4,2,1,8.0,4.0,4,31,4,2,2.0,3,28,9.0,4,89,Q21 - Q30
1833,4,1,1,20.0,8.0,1,102,7,1,2.0,3,65,6.0,1,104,Q10 - Q15
1834,2,1,23,34.0,8.0,44,5,7,4,5.0,3,34,3.0,3,68,Q21 - Q30
1835,2,2,5,7.0,2.0,8,360,3,4,1.0,3,28,9.0,4,35,Q10 - Q15
1836,3,1,1,20.0,2.0,40,86,1,4,5.0,3,135,5.0,4,21,Q10 - Q15
1837,3,1,4,31.0,9.0,9,11,7,2,2.0,3,86,4.0,3,7,Q16 - Q20
1838,2,1,3,10.0,6.0,25,566,5,1,2.0,4,245,6.0,1,78,Q16 - Q20
1839,5,1,15,19.0,6.0,9,18,6,1,4.0,1,469,6.0,2,113,Q10 - Q15
1840,4,1,1,3.0,9.0,5,182,4,2,2.0,3,55,5.0,1,16,Q21 - Q30
1841,4,1,10,36.0,5.0,1,523,3,2,5.0,1,293,4.0,1,78,Q21 - Q30
1842,4,3,13,33.0,8.0,30,6,3,5,4.0,3,65,1.0,1,64,Q10 - Q15
1843,4,1,18,39.0,4.0,8,11,3,1,2.0,1,28,8.0,2,104,Q21 - Q30
1844,2,1,15,24.0,5.0,9,567,6,2,6.0,3,11,8.0,1,5,Q10 - Q15
1845,2,1,1,3.0,4.0,16,568,4,4,2.0,3,201,8.0,4,32,Q16 - Q20
1846,3,2,12,12.0,9.0,20,11,1,2,5.0,1,34,4.0,3,41,Q10 - Q15
1847,4,1,20,19.0,4.0,9,6,4,2,4.0,4,202,3.0,2,36,Q16 - Q20
1848,4,2,4,13.0,4.0,1,569,3,1,2.0,1,4,8.0,3,105,Q10 - Q15
1849,3,1,1,3.0,3.0,1,183,3,3,6.0,1,25,4.0,1,2,Q21 - Q30
1850,2,1,14,17.0,6.0,5,140,4,1,1.0,1,45,5.0,4,121,Q10 - Q15
1851,3,2,1,1.0,2.0,5,18,5,1,4.0,1,347,8.0,3,44,Q21 - Q30
1852,4,1,1,6.0,4.0,1,30,4,2,4.0,1,232,6.0,2,57,Más de Q30
1853,1,3,1,20.0,5.0,1,387,7,2,2.0,1,4,6.0,1,116,Q21 - Q30
1854,2,1,12,35.0,8.0,14,6,4,3,5.0,4,401,1.0,4,6,Q16 - Q20
1855,6,1,4,29.0,7.0,7,39,5,1,1.0,1,76,8.0,3,17,Q16 - Q20
1856,3,2,20,19.0,7.0,8,330,3,3,4.0,1,205,4.0,4,99,Q21 - Q30
1857,5,2,4,5.0,9.0,7,446,6,1,2.0,1,14,9.0,4,27,Q16 - Q20
1858,4,1,1,8.0,9.0,9,135,3,3,5.0,5,18,5.0,4,121,Q10 - Q15
1859,4,1,1,1.0,3.0,7,173,4,1,4.0,1,89,6.0,4,90,Q21 - Q30
1860,6,2,1,1.0,2.0,1,182,3,2,2.0,3,470,8.0,4,37,Q10 - Q15
1861,6,2,5,16.0,4.0,8,570,7,4,5.0,3,2,3.0,3,89,Q21 - Q30
1862,5,2,5,32.0,3.0,7,5,3,4,2.0,1,366,1.0,1,93,Q16 - Q20
1863,4,1,23,34.0,6.0,9,6,5,3,2.0,1,122,6.0,2,14,Q16 - Q20
1864,6,2,1,20.0,4.0,7,18,4,4,4.0,3,157,3.0,4,98,Q21 - Q30
1865,1,1,23,19.0,5.0,7,571,4,3,3.0,3,22,4.0,4,65,Q21 - Q30
1866,3,1,1,3.0,5.0,9,572,2,1,2.0,3,12,4.0,1,30,Q16 - Q20
1867,4,2,22,12.0,4.0,7,573,7,4,4.0,1,113,3.0,1,77,Q16 - Q20
1868,3,1,20,27.0,5.0,3,574,4,2,5.0,3,197,4.0,3,74,Q10 - Q15
1869,4,2,13,,3.0,4,12,1,1,2.0,3,28,7.0,1,113,Más de Q30
1870,2,1,15,19.0,3.0,3,310,2,1,2.0,1,138,3.0,1,39,Q10 - Q15
1871,2,2,14,18.0,7.0,8,575,2,4,5.0,1,179,2.0,3,48,Q10 - Q15
1872,4,2,14,17.0,4.0,4,11,4,2,3.0,3,234,3.0,2,75,Q16 - Q20
1873,3,1,14,18.0,9.0,1,45,5,2,4.0,3,127,6.0,4,47,Q16 - Q20
1874,4,2,1,20.0,3.0,17,14,2,4,2.0,3,6,3.0,3,85,Q10 - Q15
1875,1,2,14,18.0,5.0,3,292,7,3,6.0,3,2,8.0,1,51,Q10 - Q15
1876,3,1,20,27.0,4.0,7,316,7,3,1.0,3,471,3.0,4,95,Q16 - Q20
1877,2,1,17,38.0,3.0,8,39,3,1,2.0,1,122,9.0,1,106,Q21 - Q30
1878,4,2,22,28.0,3.0,5,11,5,3,3.0,3,182,4.0,3,19,Q21 - Q30
1879,1,1,14,23.0,4.0,61,146,4,2,2.0,3,472,3.0,2,82,Q21 - Q30
1880,4,2,3,4.0,7.0,7,39,2,2,2.0,3,28,4.0,1,67,Q21 - Q30
1881,4,2,5,7.0,8.0,5,11,4,3,5.0,1,262,4.0,1,21,Menos de Q10
1882,4,1,1,6.0,2.0,21,576,2,1,5.0,3,24,6.0,1,60,Q21 - Q30
1883,3,1,1,1.0,4.0,8,144,5,2,2.0,3,188,5.0,3,91,Q16 - Q20
1884,4,3,1,20.0,4.0,7,556,2,2,5.0,1,70,8.0,1,106,Menos de Q10
1885,4,3,19,12.0,3.0,1,274,5,5,5.0,3,12,9.0,2,25,Q16 - Q20
1886,2,1,1,1.0,6.0,9,18,4,2,1.0,2,28,4.0,2,19,Q10 - Q15
1887,3,3,13,,4.0,9,577,2,2,5.0,4,473,1.0,3,79,Q16 - Q20
1888,2,1,19,12.0,2.0,1,12,2,2,3.0,1,474,5.0,4,12,Q21 - Q30
1889,4,1,14,23.0,5.0,1,404,5,4,5.0,4,475,5.0,2,86,Q10 - Q15
1890,3,2,7,12.0,2.0,5,41,4,4,1.0,3,302,9.0,3,86,Q21 - Q30
1891,5,2,7,19.0,8.0,9,18,5,4,2.0,1,55,5.0,4,70,Q10 - Q15
1892,5,2,14,18.0,8.0,7,5,5,3,4.0,3,55,9.0,1,77,Q16 - Q20
1893,4,2,1,6.0,5.0,8,155,7,1,3.0,1,42,5.0,1,62,Q21 - Q30
1894,5,1,20,12.0,4.0,2,578,1,4,5.0,1,1,8.0,2,42,Q10 - Q15
1895,6,1,1,1.0,5.0,36,135,7,4,5.0,1,42,5.0,3,106,
1896,1,1,1,8.0,5.0,45,65,7,1,5.0,1,6,2.0,2,22,Q16 - Q20
1897,3,2,9,12.0,4.0,4,30,1,2,5.0,3,68,8.0,2,34,Q10 - Q15
1898,2,2,3,22.0,4.0,7,201,3,2,4.0,4,42,6.0,1,49,Q10 - Q15
1899,4,2,1,3.0,9.0,1,39,3,3,6.0,4,207,5.0,4,4,Q10 - Q15
1900,5,2,7,12.0,8.0,9,45,4,4,5.0,4,56,,2,93,Q21 - Q30
1901,2,2,1,6.0,4.0,9,579,2,1,6.0,1,476,5.0,4,43,Q10 - Q15
1902,1,2,4,5.0,4.0,37,53,3,4,4.0,3,6,3.0,1,53,Q16 - Q20
1903,4,1,10,12.0,3.0,7,155,3,2,2.0,2,6,5.0,1,78,Menos de Q10
1904,4,2,14,18.0,6.0,9,309,4,4,1.0,1,477,8.0,1,62,Menos de Q10
1905,4,1,15,24.0,5.0,9,41,1,3,5.0,1,34,5.0,2,110,Q16 - Q20
1906,6,2,14,23.0,4.0,7,103,4,4,5.0,4,15,3.0,2,13,Q16 - Q20
1907,2,2,4,13.0,4.0,22,313,3,1,2.0,2,141,5.0,4,100,Q10 - Q15
1908,4,2,1,8.0,4.0,9,127,7,1,3.0,3,34,1.0,4,69,Q16 - Q20
1909,3,2,4,13.0,6.0,22,11,4,4,5.0,3,112,5.0,2,89,Q16 - Q20
1910,4,1,12,35.0,6.0,8,4,5,3,3.0,3,114,6.0,2,44,Q10 - Q15
1911,2,1,3,4.0,7.0,8,6,5,3,1.0,1,478,5.0,4,4,Q10 - Q15
1912,1,2,7,12.0,2.0,9,25,7,2,5.0,1,9,3.0,2,116,Q16 - Q20
1913,3,2,1,1.0,4.0,9,68,3,4,2.0,3,479,6.0,1,61,Q10 - Q15
1914,4,1,10,,3.0,14,266,3,3,5.0,1,207,6.0,2,117,Q10 - Q15
1915,4,2,5,7.0,9.0,25,6,1,3,4.0,3,89,5.0,1,37,Q16 - Q20
1916,3,2,8,37.0,4.0,8,580,4,1,5.0,1,197,8.0,3,96,Q16 - Q20
1917,4,2,1,3.0,4.0,1,107,7,3,2.0,1,68,6.0,1,74,Q16 - Q20
1918,3,1,1,20.0,3.0,3,173,4,3,2.0,3,7,5.0,2,51,Q10 - Q15
1919,4,2,5,16.0,3.0,7,31,4,4,,4,271,7.0,4,113,Q21 - Q30
1920,3,2,14,17.0,4.0,8,11,4,2,5.0,3,282,5.0,3,94,Q16 - Q20
1921,2,1,3,10.0,8.0,61,11,5,3,5.0,1,14,2.0,1,109,Q10 - Q15
1922,2,2,10,12.0,6.0,5,31,3,5,5.0,2,319,8.0,1,89,Q21 - Q30
1923,3,1,14,18.0,4.0,8,18,4,5,6.0,1,18,5.0,4,102,Q21 - Q30
1924,1,2,5,7.0,3.0,9,581,6,1,6.0,1,293,8.0,1,46,Menos de Q10
1925,2,1,1,8.0,4.0,9,27,5,1,5.0,2,11,4.0,1,17,Q16 - Q20
1926,4,1,1,6.0,4.0,8,103,1,4,2.0,1,9,7.0,3,33,Q16 - Q20
1927,5,1,3,4.0,7.0,3,42,1,4,2.0,3,306,8.0,1,34,Q16 - Q20
1928,2,1,1,6.0,4.0,4,31,3,5,2.0,1,86,6.0,4,42,Q10 - Q15
1929,2,1,3,4.0,3.0,5,340,5,2,6.0,3,6,5.0,1,98,Q10 - Q15
1930,4,2,16,12.0,6.0,8,582,2,3,5.0,1,75,3.0,2,30,Q16 - Q20
1931,1,1,1,8.0,4.0,28,364,5,4,6.0,1,414,7.0,2,118,Q21 - Q30
1932,1,2,22,28.0,3.0,5,41,1,1,1.0,3,136,8.0,1,70,Q10 - Q15
1933,3,3,6,19.0,3.0,7,41,3,4,2.0,3,480,3.0,2,71,Q10 - Q15
1934,4,2,4,13.0,4.0,4,94,5,4,5.0,3,143,3.0,4,65,Menos de Q10
1935,3,2,17,38.0,3.0,52,201,4,2,6.0,2,12,1.0,2,104,Q16 - Q20
1936,4,2,7,11.0,4.0,8,111,2,3,2.0,3,141,5.0,3,72,Q10 - Q15
1937,4,1,1,1.0,2.0,1,327,5,5,2.0,3,45,8.0,3,97,Q10 - Q15
1938,1,2,8,19.0,6.0,2,387,5,2,5.0,3,79,1.0,2,34,Q21 - Q30
1939,6,1,4,29.0,8.0,2,6,2,3,2.0,3,481,5.0,4,89,Q16 - Q20
1940,2,1,1,1.0,4.0,2,101,2,2,2.0,3,123,9.0,3,30,Q21 - Q30
1941,4,2,1,6.0,4.0,5,56,4,1,5.0,4,7,1.0,1,102,Q21 - Q30
1942,4,2,5,16.0,2.0,3,78,4,1,2.0,3,89,6.0,1,34,Q10 - Q15
1943,2,2,1,6.0,8.0,3,583,2,4,5.0,3,14,8.0,3,52,Q16 - Q20
1944,3,1,14,23.0,4.0,1,5,5,2,5.0,1,34,9.0,1,8,Más de Q30
1945,2,2,1,20.0,9.0,5,18,1,3,3.0,1,1,7.0,1,21,Más de Q30
1946,4,1,1,,5.0,9,421,3,1,4.0,4,149,4.0,3,113,Menos de Q10
1947,6,2,5,16.0,8.0,2,54,3,1,2.0,5,144,8.0,1,47,Q10 - Q15
1948,3,2,1,,4.0,9,283,3,4,5.0,1,482,8.0,3,117,Q10 - Q15
1949,3,2,1,6.0,4.0,5,6,4,2,,1,483,7.0,1,10,Q21 - Q30
1950,5,1,1,6.0,6.0,8,136,4,4,5.0,3,358,2.0,3,109,Q16 - Q20
1951,2,2,1,1.0,7.0,1,294,5,4,2.0,1,342,6.0,4,102,Q10 - Q15
1952,2,1,1,20.0,4.0,1,3,2,2,1.0,4,39,4.0,3,46,Q21 - Q30
1953,2,1,1,20.0,7.0,9,25,4,3,5.0,3,135,8.0,2,116,Q16 - Q20
1954,3,2,1,1.0,9.0,1,118,2,1,4.0,1,4,3.0,2,36,Q16 - Q20
1955,6,3,1,1.0,7.0,3,87,6,2,6.0,4,18,3.0,2,120,Q16 - Q20
1956,5,2,9,19.0,8.0,4,30,4,3,2.0,3,138,8.0,3,116,Menos de Q10
1957,3,1,1,6.0,4.0,8,483,4,3,5.0,1,484,1.0,3,85,Q10 - Q15
1958,2,1,4,31.0,4.0,8,84,4,5,5.0,2,132,7.0,3,101,Q16 - Q20
1959,1,2,17,19.0,7.0,51,59,2,4,5.0,4,112,4.0,2,111,Q16 - Q20
1960,6,1,1,1.0,4.0,2,187,1,2,5.0,5,197,8.0,3,54,Q16 - Q20
1961,2,2,20,12.0,3.0,9,58,6,5,5.0,2,25,6.0,3,120,Q21 - Q30
1962,4,2,20,12.0,4.0,8,39,4,3,5.0,3,50,3.0,4,121,Q16 - Q20
1963,4,2,14,18.0,3.0,7,402,6,2,4.0,4,485,2.0,1,6,Q10 - Q15
1964,4,1,4,31.0,5.0,1,584,2,2,4.0,3,6,5.0,1,108,Q16 - Q20
1965,3,2,1,6.0,9.0,7,11,4,5,5.0,3,79,3.0,1,7,Q10 - Q15
1966,2,1,9,30.0,2.0,3,72,3,1,4.0,3,263,4.0,2,16,
1967,1,1,3,,1.0,5,585,7,4,2.0,3,38,6.0,1,90,Q16 - Q20
1968,5,2,5,7.0,5.0,8,6,5,4,5.0,2,12,4.0,4,37,Q10 - Q15
1969,2,1,10,36.0,4.0,5,11,4,3,2.0,1,6,4.0,2,117,Menos de Q10
1970,2,2,1,6.0,7.0,3,5,2,4,2.0,4,11,5.0,2,101,Q16 - Q20
1971,4,2,1,,6.0,22,350,3,3,2.0,3,6,5.0,4,98,Q16 - Q20
1972,2,1,1,6.0,1.0,7,32,1,3,6.0,3,7,4.0,1,72,Q16 - Q20
1973,2,2,3,22.0,3.0,1,18,5,5,4.0,1,112,9.0,3,53,Q21 - Q30
1974,4,1,1,,3.0,1,11,4,4,2.0,3,486,1.0,4,2,Q16 - Q20
1975,1,2,1,20.0,5.0,9,130,3,3,2.0,1,9,8.0,2,93,Q16 - Q20
1976,3,2,1,3.0,2.0,1,361,1,4,2.0,4,272,7.0,1,103,Q21 - Q30
1977,4,2,3,22.0,5.0,7,30,2,1,2.0,4,266,3.0,1,82,Más de Q30
1978,3,1,1,1.0,5.0,26,8,2,4,1.0,1,28,8.0,1,49,Q16 - Q20
1979,6,1,1,20.0,3.0,8,20,6,1,4.0,4,9,5.0,1,87,Q16 - Q20
1980,2,1,1,6.0,3.0,3,233,4,2,2.0,4,25,5.0,4,103,Menos de Q10
1981,6,1,1,20.0,6.0,17,85,3,3,5.0,1,51,6.0,2,90,Q10 - Q15
1982,4,2,1,20.0,9.0,5,85,6,3,5.0,1,56,8.0,2,66,Q21 - Q30
1983,2,1,5,16.0,,7,6,4,4,5.0,4,104,4.0,4,11,Q16 - Q20
1984,2,2,1,6.0,5.0,5,31,3,2,5.0,2,323,3.0,3,117,Q16 - Q20
1985,4,2,15,12.0,5.0,5,72,1,5,4.0,3,474,6.0,4,67,Q21 - Q30
1986,6,3,3,22.0,4.0,8,337,3,2,5.0,5,28,5.0,3,101,Q10 - Q15
1987,2,2,12,35.0,4.0,1,11,5,4,6.0,3,396,6.0,3,8,Q10 - Q15
1988,3,2,1,20.0,4.0,8,209,6,2,4.0,1,28,4.0,1,106,Q16 - Q20
1989,2,1,1,3.0,4.0,5,382,4,2,5.0,3,2,3.0,2,22,Q10 - Q15
1990,4,2,12,12.0,3.0,22,31,1,1,2.0,3,14,9.0,1,42,Q10 - Q15
1991,1,2,1,3.0,1.0,17,339,7,3,5.0,1,28,4.0,4,82,Q21 - Q30
1992,6,1,9,12.0,8.0,22,586,6,4,2.0,3,487,8.0,3,50,Q21 - Q30
1993,6,2,6,12.0,4.0,2,587,4,4,3.0,3,171,4.0,2,24,Q16 - Q20
1994,4,2,11,14.0,4.0,23,588,1,2,2.0,3,50,3.0,3,85,Q16 - Q20
1995,2,2,12,35.0,5.0,2,379,7,4,4.0,3,155,2.0,2,100,Q16 - Q20
1996,6,2,5,32.0,4.0,8,589,4,4,5.0,3,241,7.0,1,104,Q21 - Q30
1997,4,1,23,12.0,5.0,5,424,1,2,2.0,3,488,7.0,4,79,Q21 - Q30
1998,3,1,1,3.0,5.0,1,31,2,1,2.0,3,52,5.0,2,9,Q16 - Q20
1999,4,1,1,1.0,3.0,9,6,5,1,2.0,3,6,8.0,2,95,Menos de Q10
2000,4,2,19,19.0,4.0,2,105,1,3,4.0,3,6,8.0,4,29,Menos de Q10
2001,3,1,11,14.0,3.0,3,240,4,1,2.0,3,382,9.0,1,97,Q21 - Q30
2002,4,2,10,12.0,9.0,2,31,3,5,4.0,1,7,6.0,1,19,Q21 - Q30
2003,3,2,9,30.0,4.0,9,590,5,1,5.0,5,7,1.0,1,35,Menos de Q10
2004,2,1,5,32.0,3.0,4,591,6,1,1.0,3,28,8.0,3,93,Q16 - Q20
2005,3,1,1,6.0,3.0,1,191,2,4,5.0,2,12,6.0,3,93,Q10 - Q15
2006,4,1,4,5.0,8.0,5,418,4,2,1.0,2,136,8.0,4,101,Q16 - Q20
2007,1,1,1,1.0,6.0,17,274,2,2,4.0,2,122,8.0,3,94,Q10 - Q15
2008,2,2,1,3.0,9.0,9,219,4,1,2.0,2,34,8.0,2,24,Q10 - Q15
2009,4,1,5,32.0,3.0,5,592,5,4,2.0,1,489,,3,44,Q21 - Q30
2010,3,1,1,20.0,4.0,5,212,4,3,2.0,1,61,3.0,4,61,Q10 - Q15
2011,4,2,3,10.0,1.0,3,70,3,2,1.0,4,57,3.0,2,115,Q16 - Q20
2012,2,2,5,32.0,5.0,8,8,4,3,2.0,3,14,2.0,4,56,Q21 - Q30
2013,2,2,1,3.0,9.0,9,11,3,1,4.0,5,11,7.0,3,40,Menos de Q10
2014,3,1,1,3.0,3.0,5,12,4,2,2.0,3,6,8.0,1,93,Q21 - Q30
2015,4,2,1,1.0,3.0,2,63,5,3,2.0,4,34,6.0,1,80,Q16 - Q20
2016,4,2,1,3.0,4.0,7,6,3,1,5.0,3,9,6.0,2,15,Q10 - Q15
2017,1,2,14,18.0,4.0,5,8,5,4,6.0,3,182,5.0,3,78,Q10 - Q15
2018,3,2,1,6.0,4.0,9,48,4,3,5.0,1,10,6.0,2,59,Q10 - Q15
2019,2,1,5,16.0,4.0,5,25,2,1,5.0,1,7,6.0,2,48,Q21 - Q30
2020,5,2,1,20.0,3.0,1,6,4,4,2.0,1,11,9.0,1,107,Q10 - Q15
2021,4,2,1,6.0,4.0,3,165,4,2,2.0,3,28,3.0,2,41,Q21 - Q30
2022,5,1,1,20.0,4.0,7,65,7,4,2.0,1,24,4.0,1,11,Q16 - Q20
2023,5,2,14,17.0,4.0,9,593,4,2,4.0,1,52,8.0,1,96,Más de Q30
2024,3,1,9,19.0,9.0,5,6,4,5,6.0,3,444,4.0,3,5,Q16 - Q20
2025,4,1,1,20.0,3.0,7,6,1,3,4.0,3,80,1.0,2,27,Q10 - Q15
2026,2,1,4,29.0,4.0,8,375,1,2,5.0,3,260,8.0,4,8,Q10 - Q15
2027,3,2,1,1.0,3.0,53,5,6,5,4.0,4,57,1.0,2,51,Q10 - Q15
2028,2,2,1,6.0,7.0,7,221,1,4,5.0,3,56,4.0,2,103,Q10 - Q15
2029,3,1,1,8.0,3.0,21,274,7,2,4.0,1,202,6.0,2,12,Menos de Q10
2030,4,2,7,12.0,7.0,5,594,5,4,4.0,1,490,1.0,3,62,Q16 - Q20
2031,2,2,4,29.0,3.0,8,110,1,5,5.0,2,16,5.0,1,35,Q21 - Q30
2032,4,2,1,3.0,2.0,2,79,3,1,4.0,4,322,3.0,2,67,Q21 - Q30
2033,3,1,14,18.0,7.0,8,54,3,2,1.0,3,46,6.0,3,117,Q10 - Q15
2034,4,1,1,1.0,,62,472,5,4,5.0,3,468,6.0,2,46,Q10 - Q15
2035,5,2,14,17.0,2.0,5,595,3,4,5.0,4,402,9.0,1,119,Q10 - Q15
2036,4,2,14,23.0,8.0,7,559,5,4,,1,134,5.0,2,5,Menos de Q10
2037,4,1,1,3.0,3.0,3,363,4,4,1.0,3,5,8.0,2,112,Q21 - Q30
2038,3,1,5,32.0,4.0,1,596,7,3,4.0,3,63,6.0,1,36,Q16 - Q20
2039,2,1,1,6.0,5.0,61,597,7,2,2.0,3,302,4.0,1,102,Menos de Q10
2040,4,2,19,19.0,8.0,21,39,5,2,6.0,2,305,5.0,4,11,Q10 - Q15
2041,5,1,5,16.0,4.0,3,96,3,1,2.0,3,436,3.0,1,101,Q16 - Q20
2042,4,2,1,3.0,5.0,8,365,5,4,2.0,1,491,6.0,1,100,Q16 - Q20
2043,3,2,1,20.0,4.0,62,31,7,4,4.0,1,34,6.0,4,77,Q16 - Q20
2044,5,2,1,1.0,3.0,1,598,3,1,5.0,2,225,5.0,1,91,Q10 - Q15
2045,6,1,1,8.0,4.0,7,25,2,3,4.0,1,450,3.0,2,36,Q10 - Q15
2046,5,1,2,19.0,4.0,3,11,1,2,2.0,1,2,4.0,1,121,Q16 - Q20
2047,5,1,3,10.0,6.0,10,6,7,2,5.0,3,45,6.0,2,64,Menos de Q10
2048,4,2,5,7.0,4.0,9,79,7,3,5.0,3,492,5.0,1,57,Q16 - Q20
2049,2,1,1,6.0,3.0,7,174,5,1,2.0,4,158,2.0,1,103,Q10 - Q15
2050,4,1,1,1.0,,17,599,3,3,1.0,3,23,5.0,4,69,Q16 - Q20
2051,4,1,14,17.0,6.0,5,25,4,5,2.0,1,222,9.0,1,45,Q10 - Q15
2052,3,3,1,20.0,4.0,8,62,7,4,4.0,2,12,5.0,2,27,Más de Q30
2053,4,2,20,19.0,3.0,35,274,4,1,5.0,2,112,5.0,1,53,Q16 - Q20
2054,3,1,5,32.0,9.0,2,600,1,3,1.0,1,42,6.0,1,53,Q21 - Q30
2055,2,2,1,,5.0,22,141,3,2,3.0,3,149,5.0,3,104,Menos de Q10
2056,6,1,1,6.0,5.0,7,106,4,2,4.0,1,100,8.0,2,49,Más de Q30
2057,1,1,4,31.0,6.0,3,143,2,4,5.0,4,493,9.0,2,52,Q16 - Q20
2058,2,3,18,39.0,4.0,8,601,4,2,2.0,1,24,5.0,1,41,Q10 - Q15
2059,2,2,16,21.0,4.0,5,602,3,3,4.0,3,34,7.0,3,68,Q16 - Q20
2060,3,2,11,12.0,5.0,7,346,5,3,2.0,1,255,5.0,2,81,Q16 - Q20
2061,3,1,11,19.0,3.0,7,603,4,4,5.0,1,11,7.0,4,114,Q16 - Q20
2062,1,2,4,5.0,3.0,9,604,5,3,5.0,3,332,4.0,1,64,Q16 - Q20
2063,3,1,3,4.0,6.0,1,11,4,1,5.0,1,494,7.0,1,93,Q21 - Q30
2064,2,1,5,32.0,7.0,22,41,2,1,5.0,3,471,6.0,1,13,Q10 - Q15
2065,2,2,14,17.0,9.0,7,5,1,3,5.0,3,262,3.0,2,7,Más de Q30
2066,1,1,3,10.0,4.0,39,386,3,2,2.0,3,495,5.0,4,29,Q10 - Q15
2067,3,1,1,6.0,6.0,7,303,7,3,5.0,3,12,2.0,3,7,Más de Q30
2068,3,2,1,6.0,3.0,9,10,5,2,6.0,1,109,4.0,3,47,Q21 - Q30
2069,4,2,10,36.0,3.0,9,145,7,3,2.0,3,496,5.0,1,83,Q16 - Q20
2070,3,2,1,6.0,3.0,7,605,4,1,2.0,2,410,2.0,1,25,Q21 - Q30
2071,5,2,1,1.0,9.0,7,11,7,3,5.0,4,201,3.0,4,101,Q10 - Q15
2072,3,3,1,6.0,9.0,8,330,5,3,2.0,2,352,3.0,1,31,Q21 - Q30
2073,6,1,3,10.0,3.0,8,201,3,1,5.0,1,386,8.0,1,3,Q16 - Q20
2074,4,2,4,5.0,1.0,17,108,4,3,4.0,1,34,2.0,2,66,Q16 - Q20
2075,4,2,9,12.0,4.0,22,606,1,4,3.0,3,128,5.0,2,59,Q10 - Q15
2076,2,1,1,20.0,4.0,42,607,6,2,2.0,1,34,8.0,1,121,Menos de Q10
2077,2,1,1,1.0,5.0,8,11,7,5,2.0,3,497,7.0,1,86,Q16 - Q20
2078,3,2,1,6.0,2.0,8,32,5,5,2.0,3,28,1.0,1,13,Q16 - Q20
2079,4,1,1,20.0,5.0,1,39,5,2,3.0,5,89,3.0,2,6,Q10 - Q15
2080,1,1,5,7.0,3.0,4,350,3,3,5.0,1,498,4.0,3,119,
2081,3,1,1,3.0,3.0,1,396,5,1,5.0,1,499,3.0,2,6,Q21 - Q30
2082,2,1,1,20.0,5.0,7,199,3,3,4.0,1,247,3.0,4,2,Q10 - Q15
2083,3,2,5,16.0,8.0,23,5,7,1,2.0,3,138,5.0,3,117,Q10 - Q15
2084,6,1,3,22.0,5.0,9,177,2,2,3.0,2,11,1.0,1,109,Menos de Q10
2085,1,2,1,,3.0,8,39,4,2,2.0,1,500,3.0,3,112,Q10 - Q15
2086,4,2,1,8.0,4.0,1,92,2,3,2.0,3,50,5.0,1,21,Q10 - Q15
2087,6,2,5,16.0,4.0,7,256,2,3,5.0,3,7,4.0,4,64,Q16 - Q20
2088,4,2,22,12.0,,5,85,6,3,4.0,1,243,8.0,1,103,Q16 - Q20
2089,4,1,3,22.0,6.0,22,85,5,3,1.0,3,471,6.0,4,17,Q10 - Q15
2090,4,2,1,8.0,3.0,4,608,2,1,2.0,4,501,3.0,1,98,Más de Q30
2091,3,2,1,6.0,4.0,9,3,2,3,5.0,4,502,5.0,2,79,Q16 - Q20
2092,3,1,1,3.0,5.0,3,609,3,4,4.0,1,363,,2,16,Q21 - Q30
2093,3,2,8,19.0,1.0,5,31,4,4,2.0,3,113,5.0,2,64,Menos de Q10
2094,5,1,1,8.0,4.0,5,47,4,2,4.0,1,25,8.0,2,29,Más de Q30
2095,4,1,1,6.0,3.0,3,610,4,1,2.0,3,23,7.0,2,118,Q16 - Q20
2096,2,2,1,3.0,8.0,7,547,2,3,5.0,4,421,,3,97,Menos de Q10
2097,4,2,1,20.0,2.0,48,611,1,2,2.0,3,46,6.0,3,105,Q16 - Q20
2098,2,1,7,19.0,4.0,63,8,3,2,4.0,3,503,7.0,4,75,Menos de Q10
2099,4,1,6,9.0,7.0,1,30,4,1,2.0,1,57,8.0,3,79,Q16 - Q20
2100,4,2,1,20.0,3.0,4,612,4,5,2.0,1,504,7.0,2,23,Q16 - Q20
2101,6,1,1,20.0,3.0,3,30,4,1,4.0,1,377,3.0,4,96,Q10 - Q15
2102,4,2,1,1.0,8.0,8,281,5,1,2.0,1,201,3.0,2,10,Q10 - Q15
2103,2,2,4,31.0,4.0,9,165,2,5,4.0,2,50,1.0,3,27,Q10 - Q15
2104,3,1,3,4.0,3.0,2,613,2,3,2.0,3,78,7.0,1,116,Q21 - Q30
2105,4,2,10,19.0,4.0,9,11,3,2,3.0,3,80,7.0,2,22,Q10 - Q15
2106,1,1,1,3.0,3.0,19,11,3,2,2.0,1,6,5.0,2,16,Q16 - Q20
2107,4,2,1,3.0,4.0,9,375,5,3,2.0,2,318,9.0,1,35,Q16 - Q20
2108,4,2,1,6.0,3.0,5,53,3,1,5.0,4,100,4.0,3,10,Q10 - Q15
2109,3,1,1,1.0,5.0,3,6,4,2,1.0,3,34,4.0,2,23,Más de Q30
2110,2,2,1,8.0,6.0,8,16,5,4,2.0,5,56,2.0,2,44,Q10 - Q15
2111,3,1,21,1.0,2.0,8,614,1,1,2.0,3,505,1.0,2,57,Q16 - Q20
2112,2,2,6,19.0,4.0,9,52,6,2,5.0,1,12,5.0,2,73,Q10 - Q15
2113,4,2,1,1.0,3.0,1,135,5,2,3.0,3,359,8.0,1,108,Q16 - Q20
2114,5,1,3,22.0,3.0,23,152,3,2,5.0,4,6,3.0,2,115,Q16 - Q20
2115,5,1,1,1.0,4.0,7,6,4,1,2.0,1,9,6.0,1,64,Q16 - Q20
2116,4,1,3,10.0,2.0,8,482,5,1,5.0,1,34,8.0,4,79,Q10 - Q15
2117,2,1,6,12.0,5.0,22,615,3,4,2.0,3,45,7.0,1,43,Q10 - Q15
2118,4,1,12,12.0,4.0,7,330,5,2,5.0,3,472,8.0,4,74,
2119,2,3,1,20.0,6.0,8,418,4,2,4.0,3,201,7.0,4,22,Menos de Q10
2120,1,2,6,19.0,6.0,2,604,3,3,5.0,3,34,7.0,4,93,Q10 - Q15
2121,4,2,23,12.0,5.0,8,6,5,4,5.0,3,134,4.0,1,102,Menos de Q10
2122,4,1,3,4.0,3.0,7,32,5,3,2.0,1,500,3.0,1,31,Q10 - Q15
2123,3,1,1,6.0,3.0,2,39,2,1,1.0,1,46,7.0,1,14,Q16 - Q20
2124,4,1,18,39.0,3.0,1,10,4,3,3.0,1,5,3.0,3,111,Q10 - Q15
2125,6,2,1,8.0,3.0,9,6,3,1,3.0,1,68,4.0,1,28,Q16 - Q20
2126,4,2,1,3.0,9.0,3,135,7,4,2.0,3,397,5.0,1,92,
2127,3,1,14,17.0,2.0,5,39,5,3,2.0,3,506,7.0,4,18,Más de Q30
2128,4,2,4,31.0,,25,616,7,3,2.0,5,52,5.0,3,40,Q16 - Q20
2129,2,2,22,28.0,5.0,8,617,7,3,5.0,1,6,9.0,2,30,Q10 - Q15
2130,2,1,11,14.0,4.0,46,497,5,5,1.0,1,493,,2,60,Q16 - Q20
2131,2,2,1,6.0,4.0,9,6,2,2,1.0,1,507,6.0,4,56,Q16 - Q20
2132,4,1,1,1.0,2.0,1,4,7,3,4.0,2,24,8.0,1,60,Q21 - Q30
2133,1,1,5,16.0,9.0,2,618,3,1,4.0,3,317,5.0,1,61,Q10 - Q15
2134,2,2,1,8.0,7.0,8,77,4,3,2.0,2,6,5.0,3,21,Q10 - Q15
2135,4,1,3,4.0,4.0,9,389,2,3,1.0,3,12,8.0,2,100,Q16 - Q20
2136,4,2,15,19.0,5.0,22,5,3,2,3.0,5,157,6.0,3,121,Q21 - Q30
2137,4,2,1,8.0,4.0,9,619,5,4,5.0,2,508,9.0,2,121,Q16 - Q20
2138,2,1,1,8.0,4.0,5,403,3,3,5.0,3,279,4.0,3,110,Q16 - Q20
2139,4,1,1,3.0,8.0,1,6,3,1,5.0,1,135,5.0,1,41,Q21 - Q30
2140,3,2,1,20.0,5.0,3,39,1,1,4.0,1,6,6.0,1,99,Q21 - Q30
2141,2,2,1,8.0,5.0,17,620,7,1,2.0,3,386,1.0,1,38,Q21 - Q30
2142,3,3,1,8.0,1.0,8,621,6,2,2.0,3,136,2.0,2,91,Q16 - Q20
2143,4,2,1,1.0,5.0,1,47,7,2,3.0,3,6,9.0,1,36,Q16 - Q20
2144,3,1,3,22.0,5.0,3,225,1,3,2.0,3,396,5.0,3,74,Q16 - Q20
2145,6,1,10,19.0,2.0,1,622,7,3,4.0,3,136,9.0,1,56,Q10 - Q15
2146,5,2,3,4.0,3.0,7,41,7,1,2.0,3,14,6.0,1,29,Q10 - Q15
2147,1,2,5,16.0,8.0,5,523,2,2,5.0,1,242,7.0,1,9,Q16 - Q20
2148,2,2,14,18.0,1.0,14,623,3,2,4.0,3,78,5.0,1,89,Menos de Q10
2149,4,1,1,1.0,6.0,1,30,7,4,5.0,3,124,5.0,4,51,Q21 - Q30
2150,2,2,1,8.0,9.0,3,11,1,3,2.0,1,304,9.0,1,81,Q10 - Q15
2151,4,2,1,1.0,3.0,22,624,2,4,5.0,1,509,2.0,3,31,Q10 - Q15
2152,6,2,1,8.0,3.0,8,474,6,2,3.0,1,322,5.0,3,95,Q16 - Q20
2153,2,2,13,33.0,4.0,5,625,3,1,2.0,3,510,3.0,1,22,Q16 - Q20
2154,3,1,2,2.0,3.0,2,6,3,4,5.0,3,7,4.0,2,21,Q10 - Q15
2155,1,1,1,3.0,4.0,7,25,5,4,2.0,3,16,5.0,2,20,Q21 - Q30
2156,4,2,1,6.0,9.0,7,18,3,2,4.0,3,46,9.0,1,66,Q10 - Q15
2157,2,2,15,12.0,3.0,8,5,4,2,5.0,2,25,7.0,1,19,Q10 - Q15
2158,3,1,14,17.0,6.0,4,56,2,4,2.0,3,45,6.0,2,74,Q21 - Q30
2159,3,1,14,18.0,8.0,35,316,3,2,2.0,1,180,7.0,1,30,Q16 - Q20
2160,4,1,1,1.0,5.0,7,626,3,2,2.0,4,511,4.0,1,103,Q10 - Q15
2161,2,1,8,37.0,6.0,8,39,4,3,6.0,4,115,3.0,1,89,Q16 - Q20
2162,3,1,1,20.0,6.0,1,627,1,2,4.0,2,122,3.0,4,29,Q16 - Q20
2163,2,1,4,29.0,6.0,37,299,2,2,5.0,3,270,3.0,1,102,Q16 - Q20
2164,4,1,10,12.0,3.0,3,6,2,4,5.0,5,12,8.0,2,55,Q10 - Q15
2165,4,1,9,30.0,4.0,8,39,4,2,5.0,3,18,3.0,1,76,Q21 - Q30
2166,2,2,1,3.0,5.0,7,59,3,2,5.0,2,6,8.0,3,72,Q21 - Q30
2167,6,2,14,17.0,7.0,23,624,3,1,6.0,1,28,8.0,2,3,Q16 - Q20
2168,4,1,18,39.0,3.0,7,422,3,2,5.0,3,283,4.0,2,60,
2169,5,2,2,19.0,6.0,7,27,2,2,5.0,3,512,9.0,4,100,Q10 - Q15
2170,1,2,1,3.0,3.0,8,6,5,2,2.0,1,158,6.0,4,110,Q21 - Q30
2171,2,2,1,8.0,3.0,1,347,5,4,5.0,1,464,6.0,2,64,Q10 - Q15
2172,4,1,5,16.0,6.0,2,508,3,4,2.0,3,308,4.0,1,80,Q10 - Q15
2173,4,2,21,1.0,6.0,7,628,2,2,2.0,1,112,7.0,2,45,Q10 - Q15
2174,2,1,4,29.0,9.0,1,183,7,3,2.0,3,7,6.0,3,58,Q10 - Q15
2175,4,2,1,1.0,6.0,5,11,2,1,1.0,4,9,9.0,3,46,Q16 - Q20
2176,2,2,5,32.0,8.0,5,102,3,3,5.0,1,400,4.0,1,93,Q16 - Q20
2177,3,2,16,12.0,4.0,9,135,2,3,2.0,1,100,3.0,2,55,Menos de Q10
2178,1,2,15,12.0,3.0,7,399,5,3,1.0,3,12,3.0,1,20,Q21 - Q30
2179,4,1,1,8.0,9.0,9,27,7,3,2.0,1,75,5.0,3,20,Q16 - Q20
2180,6,3,10,19.0,4.0,8,254,3,3,6.0,3,28,8.0,4,4,Más de Q30
2181,4,2,2,2.0,3.0,5,530,4,1,1.0,3,12,5.0,4,106,Q10 - Q15
2182,5,2,3,22.0,1.0,22,173,7,3,5.0,3,45,1.0,1,71,Q21 - Q30
2183,4,2,5,32.0,2.0,7,11,2,1,2.0,4,102,8.0,3,96,Q10 - Q15
2184,3,2,1,6.0,5.0,1,68,7,4,2.0,3,93,6.0,2,14,Q10 - Q15
2185,6,1,14,23.0,4.0,59,178,7,1,5.0,4,11,5.0,4,86,Q21 - Q30
2186,2,2,11,19.0,9.0,2,629,2,2,1.0,4,34,5.0,2,77,Q16 - Q20
2187,2,2,5,16.0,4.0,9,630,7,4,2.0,1,350,1.0,3,77,Q16 - Q20
2188,2,1,20,27.0,4.0,4,371,6,3,2.0,3,45,3.0,1,34,Menos de Q10
2189,6,2,1,20.0,4.0,8,631,4,4,5.0,3,477,1.0,1,108,Q10 - Q15
2190,2,2,21,8.0,2.0,7,18,6,2,6.0,1,127,6.0,3,76,Q10 - Q15
2191,6,2,1,3.0,4.0,2,36,7,1,5.0,1,513,8.0,1,117,Q10 - Q15
2192,4,1,1,1.0,4.0,1,12,5,4,4.0,3,514,3.0,3,93,Q16 - Q20
2193,1,1,1,8.0,5.0,60,547,4,4,5.0,3,28,3.0,2,23,Q16 - Q20
2194,2,1,12,19.0,,7,30,5,3,4.0,2,11,2.0,3,66,Q21 - Q30
2195,3,1,1,1.0,4.0,2,136,3,2,1.0,4,292,1.0,1,104,Q16 - Q20
2196,5,1,14,23.0,3.0,3,12,3,2,4.0,1,515,1.0,4,2,Q16 - Q20
2197,2,1,1,20.0,3.0,2,632,3,4,5.0,1,196,8.0,4,85,Q10 - Q15
2198,2,2,1,8.0,3.0,8,19,3,1,5.0,1,55,4.0,4,97,Más de Q30
2199,3,1,10,19.0,8.0,7,4,4,4,1.0,1,100,5.0,3,120,Q21 - Q30
2200,4,1,3,10.0,1.0,13,207,2,1,5.0,2,200,5.0,2,102,Q10 - Q15
2201,2,1,1,8.0,1.0,7,11,6,2,3.0,3,9,5.0,1,64,Menos de Q10
2202,5,3,1,3.0,4.0,8,164,3,4,,1,25,1.0,3,55,Q10 - Q15
2203,4,2,6,19.0,2.0,9,6,4,2,2.0,1,233,4.0,1,114,Q21 - Q30
2204,4,1,20,12.0,,2,39,2,1,2.0,3,28,6.0,2,20,Q21 - Q30
2205,4,1,4,5.0,7.0,5,633,4,3,5.0,4,45,1.0,1,96,Q16 - Q20
2206,1,2,1,6.0,4.0,2,115,4,1,1.0,3,9,8.0,4,80,Menos de Q10
2207,2,3,16,12.0,4.0,23,207,3,1,2.0,1,516,5.0,4,35,Q10 - Q15
2208,3,2,23,12.0,3.0,9,165,4,4,2.0,1,517,8.0,2,97,Q10 - Q15
2209,2,1,3,22.0,5.0,1,27,3,3,5.0,3,9,5.0,1,46,Q21 - Q30
2210,6,1,1,20.0,3.0,8,11,5,5,1.0,1,9,6.0,1,102,Q21 - Q30
2211,2,2,1,20.0,4.0,64,39,5,3,2.0,1,45,8.0,1,31,Q10 - Q15
2212,4,1,1,1.0,5.0,4,11,7,1,5.0,3,92,9.0,4,64,Q21 - Q30
2213,2,2,1,6.0,7.0,3,12,1,3,2.0,1,4,3.0,3,20,Q16 - Q20
2214,4,2,1,6.0,4.0,6,56,4,3,2.0,3,34,6.0,4,45,Q10 - Q15
2215,5,2,1,1.0,4.0,22,5,4,2,2.0,1,45,6.0,3,29,Q16 - Q20
2216,6,2,6,9.0,6.0,2,93,5,1,5.0,3,6,5.0,2,104,Más de Q30
2217,4,2,3,22.0,4.0,1,31,2,2,6.0,1,55,7.0,1,21,Q16 - Q20
2218,5,1,14,17.0,3.0,7,30,4,5,5.0,3,6,4.0,1,115,Q16 - Q20
2219,3,1,10,12.0,5.0,8,634,4,3,2.0,3,518,5.0,3,114,Q21 - Q30
2220,6,1,1,1.0,4.0,1,11,4,3,1.0,1,112,8.0,1,93,Q10 - Q15
2221,1,1,3,4.0,3.0,2,248,5,5,1.0,3,87,1.0,3,66,Q10 - Q15
2222,2,1,14,23.0,7.0,9,31,3,4,4.0,1,78,8.0,1,72,Q10 - Q15
2223,6,2,5,32.0,4.0,9,20,5,2,6.0,1,35,5.0,1,80,Q10 - Q15
2224,6,2,1,8.0,9.0,7,4,5,2,5.0,1,11,7.0,2,103,Q10 - Q15
2225,4,1,1,8.0,6.0,6,199,5,1,2.0,2,28,3.0,2,66,Q16 - Q20
2226,3,2,6,19.0,3.0,9,635,4,3,5.0,2,34,4.0,4,29,Q21 - Q30
2227,2,2,12,12.0,3.0,7,114,4,3,2.0,3,6,8.0,4,31,Q10 - Q15
2228,6,2,14,17.0,8.0,5,165,1,3,2.0,1,28,8.0,3,42,Q10 - Q15
2229,3,1,3,,2.0,8,233,3,1,2.0,3,176,6.0,2,59,Menos de Q10
2230,6,2,14,17.0,7.0,2,165,6,2,5.0,4,7,7.0,3,3,Q16 - Q20
2231,4,2,18,39.0,4.0,4,438,4,1,5.0,1,215,3.0,3,12,Q16 - Q20
2232,2,2,1,8.0,5.0,6,165,4,1,2.0,3,40,7.0,1,1,Q10 - Q15
2233,6,2,1,3.0,4.0,1,39,4,4,4.0,1,4,6.0,1,13,Q10 - Q15
2234,2,1,4,5.0,3.0,23,18,1,3,5.0,4,9,8.0,1,45,Más de Q30
2235,5,2,17,38.0,,8,636,7,5,2.0,3,461,8.0,2,19,Más de Q30
2236,5,1,1,1.0,9.0,12,39,3,2,5.0,4,208,3.0,3,34,Q16 - Q20
2237,2,2,1,3.0,5.0,3,76,5,2,6.0,2,11,8.0,1,115,Menos de Q10
2238,6,2,3,22.0,3.0,2,54,1,3,5.0,5,100,4.0,3,41,Menos de Q10
2239,4,2,1,20.0,3.0,22,24,7,5,1.0,1,115,5.0,1,111,Q16 - Q20
2240,1,2,23,19.0,4.0,3,31,1,3,1.0,5,61,4.0,3,116,Q16 - Q20
2241,6,3,2,19.0,7.0,3,22,7,2,4.0,2,9,8.0,1,5,Q10 - Q15
2242,4,2,3,10.0,2.0,3,4,4,2,5.0,1,58,5.0,1,54,Más de Q30
2243,4,2,1,20.0,5.0,5,68,1,3,5.0,1,122,9.0,3,42,Q16 - Q20
2244,4,1,3,10.0,2.0,33,68,3,1,2.0,3,6,4.0,1,90,Q16 - Q20
2245,1,3,1,3.0,3.0,1,108,1,2,4.0,2,28,2.0,3,61,Q10 - Q15
2246,3,2,1,6.0,5.0,5,30,2,3,1.0,3,387,3.0,2,14,Menos de Q10
2247,4,1,14,,7.0,5,109,6,1,5.0,2,34,7.0,2,107,Q10 - Q15
2248,6,2,3,22.0,4.0,8,137,2,5,5.0,3,247,3.0,1,94,Q21 - Q30
2249,2,1,1,3.0,3.0,5,32,4,3,4.0,3,6,4.0,1,99,Q16 - Q20
2250,4,2,5,7.0,5.0,9,637,1,3,,3,319,3.0,3,119,Q10 - Q15
2251,4,1,22,19.0,3.0,7,11,4,2,5.0,3,12,6.0,1,113,Q16 - Q20
2252,4,2,1,8.0,4.0,21,6,5,1,2.0,3,137,3.0,2,118,Q16 - Q20
2253,5,1,2,19.0,5.0,2,99,3,3,4.0,4,167,8.0,3,19,Q10 - Q15
2254,3,1,12,19.0,2.0,4,144,3,1,2.0,3,25,8.0,2,106,Q10 - Q15
2255,6,1,10,12.0,7.0,1,7,6,2,5.0,4,272,7.0,3,36,Q16 - Q20
2256,4,2,5,32.0,4.0,8,5,5,2,5.0,3,323,5.0,4,77,Q10 - Q15
2257,2,1,15,19.0,8.0,8,39,3,1,4.0,1,34,4.0,1,14,Más de Q30
2258,2,2,4,13.0,6.0,3,152,2,4,4.0,1,6,8.0,1,81,Q10 - Q15
2259,5,1,1,3.0,6.0,8,41,4,3,4.0,4,310,1.0,2,100,Q21 - Q30
2260,3,1,12,12.0,4.0,4,72,5,3,4.0,2,11,6.0,1,79,Q16 - Q20
2261,2,1,10,36.0,4.0,3,443,1,3,1.0,1,117,1.0,4,74,Q10 - Q15
2262,3,1,1,6.0,3.0,9,39,4,1,4.0,1,11,6.0,3,57,Q10 - Q15
2263,2,1,5,7.0,6.0,22,11,1,1,1.0,1,497,9.0,3,51,Q10 - Q15
2264,6,2,23,34.0,4.0,65,53,5,3,5.0,1,213,2.0,1,103,Q16 - Q20
2265,1,3,1,20.0,8.0,19,638,4,1,5.0,1,25,5.0,2,107,Q16 - Q20
2266,4,2,8,19.0,9.0,8,193,4,3,3.0,3,201,7.0,1,10,Q16 - Q20
2267,1,2,4,31.0,6.0,1,39,5,2,2.0,3,104,9.0,2,39,Q10 - Q15
2268,4,1,13,25.0,4.0,1,5,3,3,5.0,3,441,7.0,1,10,Q10 - Q15
2269,4,3,1,8.0,4.0,20,530,6,1,5.0,1,122,3.0,2,57,Q10 - Q15
2270,6,1,14,23.0,8.0,3,30,4,4,5.0,1,4,3.0,2,23,Menos de Q10
2271,3,1,2,12.0,3.0,3,92,7,2,5.0,1,463,4.0,4,71,Q16 - Q20
2272,5,1,7,19.0,5.0,2,639,4,4,2.0,3,519,4.0,4,89,Q16 - Q20
2273,4,2,14,18.0,4.0,8,12,5,4,5.0,1,487,8.0,1,67,Q16 - Q20
2274,4,2,14,17.0,8.0,7,82,4,5,4.0,2,23,3.0,1,83,Q16 - Q20
2275,1,1,1,20.0,9.0,28,39,4,1,2.0,1,515,3.0,1,116,Q10 - Q15
2276,6,1,4,5.0,5.0,5,640,3,4,3.0,3,306,3.0,4,64,Menos de Q10
2277,6,2,1,6.0,3.0,7,79,1,4,3.0,3,251,9.0,2,90,Q10 - Q15
2278,2,2,19,12.0,5.0,37,41,7,2,3.0,4,220,5.0,4,42,Q16 - Q20
2279,6,1,17,19.0,4.0,4,263,1,5,1.0,1,50,9.0,2,74,Q21 - Q30
2280,5,1,4,31.0,5.0,2,477,5,3,2.0,1,162,2.0,4,43,Q16 - Q20
2281,2,2,6,9.0,4.0,2,11,5,1,2.0,3,14,8.0,3,101,Q10 - Q15
2282,1,2,4,13.0,4.0,9,6,7,2,3.0,3,24,5.0,1,5,
2283,6,2,1,1.0,4.0,2,6,5,1,2.0,5,14,7.0,1,16,Q10 - Q15
2284,4,2,19,12.0,2.0,5,382,1,1,2.0,1,116,2.0,3,88,Q10 - Q15
2285,4,2,4,5.0,2.0,5,173,4,3,4.0,1,242,7.0,3,109,Q16 - Q20
2286,5,1,1,1.0,,17,641,7,4,6.0,1,34,3.0,3,12,Q10 - Q15
2287,4,1,20,12.0,3.0,59,547,7,1,2.0,3,12,6.0,2,94,Más de Q30
2288,5,2,1,6.0,4.0,8,11,2,2,6.0,3,34,3.0,4,76,Q16 - Q20
2289,4,2,10,12.0,6.0,8,66,7,2,5.0,3,442,8.0,3,15,Q16 - Q20
2290,3,2,14,23.0,4.0,5,11,4,3,5.0,3,41,2.0,1,85,Q16 - Q20
2291,3,1,1,8.0,4.0,39,159,2,4,3.0,1,115,3.0,1,104,Q16 - Q20
2292,6,1,4,13.0,6.0,5,642,7,2,5.0,3,518,7.0,3,86,Q16 - Q20
2293,6,2,10,19.0,5.0,9,643,3,2,5.0,3,124,6.0,1,12,Menos de Q10
2294,4,3,20,12.0,9.0,2,135,4,3,3.0,4,332,1.0,4,102,Q10 - Q15
2295,2,2,1,3.0,4.0,1,11,4,2,2.0,3,520,4.0,1,25,Q10 - Q15
2296,5,1,4,13.0,4.0,5,155,4,3,4.0,1,149,5.0,1,36,Q21 - Q30
2297,4,2,1,,6.0,9,241,5,3,5.0,3,9,9.0,2,72,Q16 - Q20
2298,4,2,2,12.0,6.0,5,274,2,2,5.0,2,80,8.0,4,105,Q16 - Q20
2299,3,2,1,1.0,5.0,9,644,4,3,4.0,5,521,7.0,1,56,Q10 - Q15
2300,6,2,17,12.0,2.0,8,1,5,2,5.0,1,34,5.0,1,17,Menos de Q10
2301,6,1,23,12.0,5.0,9,232,1,4,2.0,3,493,5.0,1,44,Q21 - Q30
2302,3,1,1,1.0,5.0,7,173,4,2,3.0,3,68,5.0,2,75,Q21 - Q30
2303,2,3,1,,2.0,16,39,4,1,3.0,1,28,4.0,3,116,Q21 - Q30
2304,4,1,9,12.0,3.0,17,84,7,4,2.0,3,36,3.0,2,62,Q10 - Q15
2305,4,2,4,29.0,4.0,9,47,2,2,2.0,1,34,7.0,2,101,Q16 - Q20
2306,6,1,5,32.0,2.0,17,53,1,1,4.0,1,83,9.0,3,37,Q16 - Q20
2307,3,1,14,17.0,4.0,8,180,4,2,5.0,5,45,3.0,2,4,Q16 - Q20
2308,6,2,1,6.0,4.0,9,645,5,4,4.0,3,332,5.0,2,9,Q21 - Q30
2309,4,1,1,8.0,5.0,7,646,4,1,5.0,3,76,9.0,2,79,Q21 - Q30
2310,3,2,1,6.0,5.0,5,54,2,4,5.0,4,428,5.0,3,13,Q21 - Q30
2311,1,2,1,3.0,5.0,7,4,6,4,1.0,1,271,9.0,2,47,Q10 - Q15
2312,5,1,1,3.0,8.0,2,24,5,1,5.0,1,6,7.0,1,9,Q10 - Q15
2313,4,2,14,17.0,4.0,7,68,2,1,5.0,1,89,1.0,2,111,Q21 - Q30
2314,4,2,3,4.0,3.0,9,647,4,3,5.0,4,11,4.0,1,20,Q21 - Q30
2315,4,2,14,23.0,4.0,23,5,1,1,5.0,1,50,5.0,3,9,Q16 - Q20
2316,3,1,1,3.0,5.0,7,140,6,2,5.0,1,122,5.0,1,73,Q16 - Q20
2317,4,1,1,3.0,4.0,3,164,3,1,1.0,1,522,4.0,1,88,Q16 - Q20
2318,2,1,4,29.0,6.0,37,299,2,2,5.0,3,270,3.0,1,102,Q16 - Q20
2319,2,3,3,22.0,4.0,9,41,4,2,4.0,1,206,7.0,3,10,Q21 - Q30
2320,1,1,20,27.0,4.0,7,6,5,2,4.0,3,182,9.0,3,15,Q10 - Q15
2321,4,1,10,36.0,8.0,7,112,6,3,2.0,3,6,9.0,2,108,Q10 - Q15
2322,1,2,1,6.0,3.0,8,648,4,1,5.0,3,214,6.0,3,37,Q10 - Q15
2323,1,1,3,10.0,4.0,1,11,6,5,4.0,4,201,5.0,1,102,
2324,6,2,15,19.0,3.0,1,11,3,1,2.0,3,295,7.0,2,10,Más de Q30
2325,4,1,14,18.0,4.0,5,31,4,2,5.0,1,95,5.0,4,57,Q16 - Q20
2326,4,1,1,20.0,6.0,7,329,3,5,5.0,4,158,6.0,1,26,Q21 - Q30
2327,6,1,20,19.0,8.0,4,649,4,4,5.0,2,49,7.0,3,44,Q21 - Q30
2328,2,1,1,3.0,9.0,8,74,3,4,2.0,1,61,8.0,1,93,Q10 - Q15
2329,4,2,5,7.0,4.0,11,5,5,2,2.0,1,263,3.0,4,81,Q21 - Q30
2330,5,2,1,3.0,9.0,3,650,3,3,6.0,1,28,3.0,1,88,Q10 - Q15
2331,4,1,4,29.0,3.0,7,32,2,5,5.0,3,11,4.0,2,113,Más de Q30
2332,1,2,1,20.0,6.0,9,30,4,4,5.0,3,424,9.0,4,10,Q21 - Q30
2333,2,1,8,12.0,4.0,8,651,3,5,5.0,3,24,3.0,3,59,Q16 - Q20
2334,3,3,1,1.0,5.0,7,548,2,3,2.0,1,25,2.0,1,66,Q21 - Q30
2335,5,2,1,1.0,9.0,3,652,5,4,2.0,4,14,9.0,2,3,Q16 - Q20
2336,2,1,4,13.0,6.0,22,6,2,2,4.0,1,523,7.0,2,81,Q16 - Q20
2337,4,2,3,10.0,3.0,33,233,2,4,2.0,3,405,8.0,3,31,Q16 - Q20
2338,2,1,9,12.0,4.0,9,25,4,1,2.0,4,210,6.0,3,68,Q10 - Q15
2339,3,2,1,6.0,6.0,4,182,2,2,3.0,3,477,4.0,1,12,Q21 - Q30
2340,6,2,1,3.0,8.0,7,53,7,4,2.0,1,9,7.0,3,101,Q10 - Q15
2341,6,2,1,1.0,4.0,8,10,6,4,2.0,1,79,8.0,1,32,Q16 - Q20
2342,3,2,1,1.0,5.0,9,6,5,4,5.0,1,45,3.0,4,19,Más de Q30
2343,3,1,9,30.0,3.0,7,11,2,3,2.0,3,14,3.0,1,79,Q21 - Q30
2344,4,1,14,18.0,7.0,8,18,1,2,5.0,1,290,6.0,2,111,Q10 - Q15
2345,4,1,3,10.0,4.0,8,653,4,4,5.0,1,212,2.0,2,22,Q10 - Q15
2346,3,2,3,10.0,8.0,5,1,3,5,2.0,1,5,4.0,1,7,Q10 - Q15
2347,3,2,1,1.0,4.0,9,22,7,2,1.0,1,275,4.0,4,49,Q21 - Q30
2348,2,1,4,13.0,4.0,3,6,5,5,4.0,4,524,6.0,4,1,Q16 - Q20
2349,6,2,7,12.0,4.0,4,11,7,4,3.0,1,475,6.0,3,117,Q10 - Q15
2350,2,1,9,19.0,4.0,1,654,5,4,5.0,3,31,8.0,3,19,Q16 - Q20
2351,2,2,1,1.0,3.0,4,572,4,2,5.0,4,525,5.0,4,63,Q16 - Q20
2352,2,2,18,12.0,3.0,2,339,7,4,1.0,3,526,8.0,2,92,Q10 - Q15
2353,2,2,4,29.0,4.0,8,4,2,2,5.0,1,6,3.0,3,6,Menos de Q10
2354,6,2,5,7.0,4.0,8,52,4,2,4.0,3,28,6.0,3,45,Q10 - Q15
2355,5,1,1,8.0,2.0,8,655,4,4,4.0,3,57,3.0,1,26,Q16 - Q20
2356,4,2,1,20.0,4.0,1,6,3,4,2.0,3,35,2.0,1,10,Q16 - Q20
2357,3,2,1,3.0,3.0,4,233,5,4,2.0,3,28,3.0,1,23,Q21 - Q30
2358,5,1,10,19.0,4.0,5,53,4,1,5.0,1,34,8.0,1,49,Menos de Q10
2359,3,1,1,3.0,5.0,7,222,3,3,3.0,1,366,7.0,2,10,Q10 - Q15
2360,3,1,6,12.0,7.0,48,173,1,1,3.0,1,78,6.0,3,76,
2361,4,1,3,10.0,4.0,7,133,4,3,5.0,1,80,2.0,1,119,Q16 - Q20
2362,3,1,3,4.0,7.0,8,5,7,4,5.0,2,57,4.0,1,50,Más de Q30
2363,6,1,14,23.0,4.0,22,45,3,4,5.0,2,201,5.0,4,48,Q16 - Q20
2364,3,1,1,20.0,5.0,2,652,4,2,3.0,3,6,3.0,3,64,Q21 - Q30
2365,3,1,14,18.0,2.0,8,387,7,3,2.0,1,28,7.0,1,91,Q10 - Q15
2366,2,2,5,7.0,2.0,2,5,4,1,6.0,3,25,1.0,4,39,Q21 - Q30
2367,3,2,4,5.0,5.0,1,656,4,1,2.0,2,527,4.0,3,60,Menos de Q10
2368,5,1,1,1.0,8.0,3,105,4,3,2.0,1,109,9.0,3,45,Q16 - Q20
2369,4,1,1,3.0,6.0,7,6,2,4,1.0,3,243,5.0,4,18,Q16 - Q20
2370,2,2,1,20.0,9.0,8,607,5,4,2.0,3,61,8.0,2,101,Q16 - Q20
2371,2,1,11,14.0,4.0,7,39,4,1,2.0,1,493,3.0,2,83,Q10 - Q15
2372,1,1,1,20.0,3.0,1,47,7,1,1.0,5,138,3.0,1,89,Q10 - Q15
2373,5,2,18,19.0,3.0,8,183,5,2,5.0,4,50,3.0,1,46,Q16 - Q20
2374,6,1,19,26.0,3.0,8,657,4,1,3.0,5,7,1.0,2,8,Q16 - Q20
2375,2,1,15,19.0,6.0,8,47,4,3,5.0,1,12,8.0,2,51,Q10 - Q15
2376,3,1,9,19.0,5.0,9,658,5,3,5.0,1,213,3.0,3,32,Q21 - Q30
2377,3,1,15,19.0,3.0,9,11,7,1,1.0,1,107,3.0,3,18,Q16 - Q20
2378,2,1,3,22.0,4.0,2,551,4,2,4.0,1,11,8.0,3,92,Q21 - Q30
2379,2,1,1,8.0,5.0,45,659,4,3,5.0,5,396,8.0,3,104,Q10 - Q15
2380,5,2,16,12.0,3.0,8,249,2,1,5.0,2,22,5.0,4,48,Q21 - Q30
2381,3,2,1,6.0,8.0,3,660,3,2,5.0,2,6,3.0,2,2,Q16 - Q20
2382,3,1,4,13.0,4.0,22,44,5,5,,3,202,5.0,4,74,Q16 - Q20
2383,6,2,14,18.0,5.0,1,30,2,5,5.0,3,25,5.0,3,21,Q16 - Q20
2384,3,2,4,31.0,4.0,9,103,5,3,3.0,3,21,3.0,1,66,Q10 - Q15
2385,4,2,1,20.0,2.0,2,393,4,2,4.0,5,12,6.0,2,94,Q10 - Q15
2386,2,1,1,8.0,9.0,8,85,5,3,2.0,3,45,5.0,2,5,Menos de Q10
2387,2,1,1,3.0,6.0,8,85,7,3,3.0,3,363,4.0,4,55,Q16 - Q20
2388,6,2,1,3.0,4.0,61,11,3,1,1.0,5,403,8.0,1,95,Q21 - Q30
2389,4,2,7,19.0,5.0,2,283,6,2,4.0,3,255,7.0,1,80,Q16 - Q20
2390,2,1,1,6.0,4.0,9,330,5,1,4.0,1,6,7.0,1,73,Q21 - Q30
2391,5,2,17,38.0,3.0,5,93,5,4,2.0,1,528,5.0,3,45,Q16 - Q20
2392,2,1,14,18.0,2.0,8,362,3,4,5.0,1,529,3.0,2,55,Menos de Q10
2393,4,1,1,,6.0,1,11,4,3,2.0,1,253,5.0,3,75,Q16 - Q20
2394,4,2,8,19.0,2.0,3,661,4,1,5.0,3,11,5.0,1,57,Más de Q30
2395,6,2,7,11.0,4.0,7,5,3,3,5.0,1,9,1.0,2,110,
2396,4,1,8,19.0,3.0,2,472,4,1,1.0,3,530,7.0,1,64,Q16 - Q20
2397,2,1,1,20.0,4.0,8,248,7,5,2.0,1,12,5.0,4,36,Q16 - Q20
2398,2,2,7,19.0,6.0,5,173,7,4,5.0,1,99,3.0,3,19,Más de Q30
2399,2,2,16,19.0,4.0,22,130,3,2,2.0,3,247,6.0,4,18,Q16 - Q20
2400,3,2,1,20.0,4.0,21,6,1,1,2.0,3,138,3.0,4,114,Q10 - Q15
2401,3,2,11,12.0,2.0,7,612,4,4,5.0,3,24,2.0,2,37,Q10 - Q15
2402,3,2,3,10.0,6.0,12,451,4,4,2.0,1,6,1.0,3,6,Q10 - Q15
2403,4,2,2,19.0,9.0,7,52,3,3,2.0,3,12,8.0,1,69,Q16 - Q20
2404,4,1,3,10.0,5.0,30,662,5,2,5.0,4,531,9.0,3,66,Q10 - Q15
2405,6,2,5,32.0,5.0,9,335,7,1,2.0,3,203,6.0,3,98,Q16 - Q20
2406,1,1,1,3.0,6.0,5,79,7,2,5.0,3,12,8.0,3,79,Q16 - Q20
2407,3,2,9,12.0,3.0,9,93,3,3,5.0,3,9,7.0,3,44,Q16 - Q20
2408,4,3,1,8.0,9.0,28,39,2,4,2.0,3,57,1.0,4,109,Q10 - Q15
2409,4,1,1,8.0,3.0,22,383,1,1,,3,246,3.0,2,17,Q16 - Q20
2410,2,2,1,1.0,3.0,7,39,5,1,1.0,2,78,,1,27,Q10 - Q15
2411,4,1,1,8.0,5.0,9,663,3,3,2.0,5,45,,3,80,Q10 - Q15
2412,3,3,3,4.0,4.0,2,391,3,1,4.0,3,14,3.0,3,49,Q21 - Q30
2413,6,2,13,25.0,3.0,7,89,5,3,5.0,3,11,6.0,4,94,Q16 - Q20
2414,5,2,4,13.0,4.0,7,11,2,1,5.0,1,23,3.0,1,108,Q16 - Q20
2415,1,2,17,12.0,5.0,3,130,2,2,2.0,1,393,8.0,1,109,Q10 - Q15
2416,2,2,1,3.0,6.0,8,11,7,4,5.0,1,295,4.0,3,107,Q10 - Q15
2417,4,2,1,20.0,6.0,8,85,2,2,2.0,3,207,9.0,1,88,Q10 - Q15
2418,4,1,3,22.0,2.0,9,11,7,3,3.0,3,55,9.0,4,46,Q16 - Q20
2419,3,2,14,18.0,5.0,35,55,2,1,1.0,1,12,3.0,1,111,Q16 - Q20
2420,6,2,1,20.0,3.0,8,664,3,5,2.0,1,175,4.0,1,68,Q21 - Q30
2421,2,2,16,21.0,3.0,9,11,1,2,4.0,1,6,3.0,1,93,Q10 - Q15
2422,3,2,2,2.0,4.0,7,11,5,4,1.0,2,155,3.0,1,64,Q10 - Q15
2423,4,1,17,12.0,4.0,2,665,7,5,1.0,1,532,3.0,4,59,Q10 - Q15
2424,2,2,23,,4.0,9,364,3,3,2.0,3,533,5.0,3,65,Q10 - Q15
2425,4,1,1,6.0,1.0,1,100,4,1,4.0,1,25,6.0,2,102,Q16 - Q20
2426,4,1,13,15.0,6.0,23,5,5,1,5.0,1,12,8.0,2,109,Q10 - Q15
2427,2,1,1,20.0,3.0,28,5,6,3,6.0,3,155,1.0,1,21,Q16 - Q20
2428,2,2,1,6.0,2.0,7,666,2,3,5.0,3,338,5.0,1,74,Q10 - Q15
2429,2,2,15,24.0,6.0,14,462,2,3,2.0,3,93,8.0,3,103,Q16 - Q20
2430,2,1,14,23.0,3.0,2,449,4,3,5.0,5,534,5.0,1,86,Q16 - Q20
2431,4,2,3,4.0,5.0,8,294,6,5,2.0,1,12,2.0,1,2,Menos de Q10
2432,5,3,12,,4.0,4,667,4,1,3.0,3,12,4.0,1,67,Q10 - Q15
2433,2,2,22,12.0,3.0,8,668,1,5,2.0,1,68,4.0,4,65,Q16 - Q20
2434,2,1,3,22.0,4.0,7,196,4,1,1.0,4,535,7.0,1,12,Q16 - Q20
2435,5,2,4,31.0,8.0,23,222,2,1,4.0,1,485,4.0,1,58,Q16 - Q20
2436,2,1,14,17.0,3.0,22,183,2,2,5.0,2,9,7.0,4,6,Q16 - Q20
2437,1,1,1,3.0,3.0,5,157,7,1,2.0,1,89,5.0,4,47,Menos de Q10
2438,4,2,3,10.0,5.0,9,346,5,2,5.0,3,536,4.0,1,84,Q10 - Q15
2439,2,1,6,9.0,8.0,9,53,5,2,3.0,2,34,8.0,3,39,Q10 - Q15
2440,5,1,1,3.0,2.0,9,68,3,3,2.0,3,481,1.0,2,61,
2441,3,2,5,16.0,4.0,2,30,4,4,2.0,3,12,6.0,3,20,Q21 - Q30
2442,4,1,1,20.0,5.0,2,168,2,3,4.0,1,12,5.0,1,94,Q16 - Q20
2443,1,2,17,12.0,6.0,2,669,3,4,,1,182,3.0,4,66,Q16 - Q20
2444,2,1,1,20.0,6.0,26,4,4,4,3.0,3,494,8.0,3,121,Q16 - Q20
2445,4,1,7,12.0,8.0,8,39,1,4,5.0,3,51,9.0,1,12,Q16 - Q20
2446,4,1,4,29.0,,8,493,4,5,5.0,3,173,3.0,1,30,Q16 - Q20
2447,4,2,4,,3.0,5,6,2,2,2.0,3,12,6.0,1,97,Más de Q30
2448,3,1,1,6.0,3.0,6,339,5,1,5.0,3,134,3.0,2,39,Q21 - Q30
2449,5,2,10,19.0,9.0,7,461,3,2,2.0,3,9,9.0,2,51,Q16 - Q20
2450,4,2,7,11.0,4.0,23,192,1,5,5.0,2,537,9.0,2,56,Q21 - Q30
2451,3,2,7,12.0,7.0,8,41,3,1,5.0,1,6,5.0,3,115,Q16 - Q20
2452,5,1,1,8.0,6.0,23,6,3,3,6.0,3,73,3.0,1,13,Q10 - Q15
2453,2,2,1,8.0,8.0,2,670,4,3,2.0,3,18,7.0,2,46,Q21 - Q30
2454,5,1,4,13.0,4.0,9,430,3,3,4.0,1,206,5.0,2,12,Q21 - Q30
2455,4,1,1,20.0,4.0,8,671,1,4,4.0,4,538,6.0,3,70,Más de Q30
2456,1,1,1,20.0,6.0,2,444,6,3,2.0,2,45,8.0,3,81,Q21 - Q30
2457,6,2,9,30.0,5.0,52,53,4,2,2.0,1,539,8.0,3,67,Q16 - Q20
2458,3,1,5,7.0,2.0,9,6,5,2,5.0,1,391,6.0,4,81,Q10 - Q15
2459,4,2,8,37.0,5.0,9,165,1,4,3.0,3,202,5.0,2,104,Q10 - Q15
2460,4,1,1,6.0,4.0,2,316,1,3,5.0,1,540,8.0,3,79,Q16 - Q20
2461,6,1,1,20.0,4.0,9,6,4,1,1.0,3,39,2.0,4,40,Q16 - Q20
2462,5,1,1,3.0,3.0,23,39,4,1,2.0,2,28,7.0,4,6,Q16 - Q20
2463,2,2,1,20.0,3.0,9,672,4,2,5.0,1,25,9.0,2,15,Q16 - Q20
2464,4,2,1,8.0,4.0,8,66,4,4,2.0,3,204,5.0,2,106,Q10 - Q15
2465,3,2,1,3.0,4.0,1,62,3,5,5.0,3,27,7.0,2,116,Q16 - Q20
2466,2,1,1,6.0,5.0,7,3,3,2,2.0,4,12,9.0,3,42,Q10 - Q15
2467,6,1,12,12.0,5.0,4,254,2,3,5.0,1,428,4.0,1,65,
2468,3,1,7,11.0,3.0,22,673,1,4,2.0,3,23,5.0,1,62,Q16 - Q20
2469,2,1,1,20.0,4.0,1,53,4,1,2.0,1,11,9.0,1,64,Menos de Q10
2470,3,2,13,33.0,5.0,7,6,2,1,2.0,3,396,5.0,1,76,Q10 - Q15
2471,3,1,7,19.0,3.0,4,6,1,4,2.0,1,388,4.0,1,20,Q16 - Q20
2472,4,1,3,22.0,5.0,62,299,2,1,2.0,1,541,6.0,4,1,Más de Q30
2473,1,2,1,1.0,6.0,8,674,1,3,5.0,3,6,1.0,4,70,Q10 - Q15
2474,3,1,1,20.0,3.0,1,39,2,4,2.0,3,7,6.0,1,5,Q21 - Q30
2475,5,3,13,33.0,3.0,8,6,5,3,2.0,3,158,5.0,2,45,Q16 - Q20
2476,3,1,4,5.0,2.0,36,675,6,1,2.0,3,542,2.0,2,22,Menos de Q10
2477,5,1,3,4.0,4.0,3,11,5,2,5.0,1,63,8.0,1,96,Q21 - Q30
2478,2,2,9,19.0,6.0,4,676,4,4,5.0,3,457,9.0,2,103,Más de Q30
2479,6,2,3,22.0,3.0,1,6,7,2,5.0,3,6,1.0,4,63,Q16 - Q20
2480,5,1,1,6.0,2.0,14,4,3,3,5.0,3,34,8.0,2,59,Q16 - Q20
2481,3,2,14,17.0,3.0,22,595,5,2,1.0,3,396,5.0,3,67,Q16 - Q20
2482,6,2,5,7.0,4.0,8,5,2,5,2.0,3,131,3.0,2,23,Q16 - Q20
2483,5,1,1,1.0,2.0,8,173,4,2,3.0,1,126,7.0,1,73,Q10 - Q15
2484,4,2,1,20.0,4.0,7,677,2,2,4.0,3,543,3.0,1,24,Q10 - Q15
2485,6,2,18,19.0,2.0,9,300,4,2,5.0,1,12,2.0,1,54,Q16 - Q20
2486,5,2,3,4.0,6.0,8,500,3,5,2.0,1,403,9.0,1,85,Q16 - Q20
2487,6,1,1,1.0,8.0,9,39,5,1,4.0,1,6,1.0,1,13,Q10 - Q15
2488,3,1,4,31.0,4.0,1,600,4,4,2.0,1,480,4.0,2,94,Q10 - Q15
